phase,split,eval_idx,global_step,tokens_seen,loss,attention_type,positional_mode,drop_positions_tokens,hidden_size,n_layers,head_size,seed,acc,f1,mcc
protein,train,0,1000,39601271,2.762359375,bidirectional,rotary,-1,768,12,64,11,,,
protein,valid_short,0,1000,39601271,2.625,bidirectional,rotary,-1,768,12,64,11,0.20046373305106105,0.20046373305106105,0.14037379146870343
protein,valid_long,0,1000,39601271,2.6171875,bidirectional,rotary,-1,768,12,64,11,0.20241003506195968,0.20241003506195968,0.14191009268717705
protein,train,1,2000,79271237,2.641078125,bidirectional,rotary,-1,768,12,64,11,,,
protein,valid_short,1,2000,79271237,2.59375,bidirectional,rotary,-1,768,12,64,11,0.20465518117599227,0.20465518117599227,0.145163179696363
protein,valid_long,1,2000,79271237,2.609375,bidirectional,rotary,-1,768,12,64,11,0.2021974104676181,0.2021974104676181,0.1427804199474595
protein,train,2,3000,118887464,2.6076875,bidirectional,rotary,-1,768,12,64,11,,,
protein,valid_short,2,3000,118887464,2.578125,bidirectional,rotary,-1,768,12,64,11,0.21031705576511367,0.21031705576511367,0.15188961074810023
protein,valid_long,2,3000,118887464,2.59375,bidirectional,rotary,-1,768,12,64,11,0.2047739334558073,0.2047739334558073,0.14543488672717592
protein,train,3,4000,158506944,2.58921875,bidirectional,rotary,-1,768,12,64,11,,,
protein,valid_short,3,4000,158506944,2.5546875,bidirectional,rotary,-1,768,12,64,11,0.21692478995849782,0.21692478995849782,0.15834210153958575
protein,valid_long,3,4000,158506944,2.59375,bidirectional,rotary,-1,768,12,64,11,0.20522879157668766,0.20522879157668766,0.1447602813546779
protein,train,4,5000,198135791,2.57921875,bidirectional,rotary,-1,768,12,64,11,,,
protein,valid_short,4,5000,198135791,2.5390625,bidirectional,rotary,-1,768,12,64,11,0.22243713733075435,0.22243713733075435,0.16304133946104526
protein,valid_long,4,5000,198135791,2.5859375,bidirectional,rotary,-1,768,12,64,11,0.20706348192617194,0.20706348192617194,0.1482851128018068
protein,train,5,6000,237713489,2.571375,bidirectional,rotary,-1,768,12,64,11,,,
protein,valid_short,5,6000,237713489,2.5390625,bidirectional,rotary,-1,768,12,64,11,0.22399350154845915,0.22399350154845915,0.16604240283266827
protein,valid_long,5,6000,237713489,2.578125,bidirectional,rotary,-1,768,12,64,11,0.2112645635076931,0.2112645635076931,0.15186458463608565
protein,train,6,7000,277317608,2.565640625,bidirectional,rotary,-1,768,12,64,11,,,
protein,valid_short,6,7000,277317608,2.5390625,bidirectional,rotary,-1,768,12,64,11,0.22414053455478936,0.22414053455478936,0.16540828037710584
protein,valid_long,6,7000,277317608,2.5703125,bidirectional,rotary,-1,768,12,64,11,0.21356340798071433,0.21356340798071433,0.15304930569827568
protein,train,7,8000,316873237,2.557953125,bidirectional,rotary,-1,768,12,64,11,,,
protein,valid_short,7,8000,316873237,2.53125,bidirectional,rotary,-1,768,12,64,11,0.22813938198553582,0.22813938198553582,0.1701295399670748
protein,valid_long,7,8000,316873237,2.5625,bidirectional,rotary,-1,768,12,64,11,0.21736036997509783,0.21736036997509783,0.1576223426440011
protein,train,8,9000,356507531,2.550875,bidirectional,rotary,-1,768,12,64,11,,,
protein,valid_short,8,9000,356507531,2.5234375,bidirectional,rotary,-1,768,12,64,11,0.2292864045572453,0.2292864045572453,0.17118251901140652
protein,valid_long,8,9000,356507531,2.5625,bidirectional,rotary,-1,768,12,64,11,0.2203137144968718,0.2203137144968718,0.1617192679471559
protein,train,9,10000,396143532,2.545484375,bidirectional,rotary,-1,768,12,64,11,,,
protein,valid_short,9,10000,396143532,2.515625,bidirectional,rotary,-1,768,12,64,11,0.22819028441983388,0.22819028441983388,0.17137590707231426
protein,valid_long,9,10000,396143532,2.5546875,bidirectional,rotary,-1,768,12,64,11,0.2190668855045358,0.2190668855045358,0.160170056016693
protein,train,10,11000,435778347,2.539453125,bidirectional,rotary,-1,768,12,64,11,,,
protein,valid_short,10,11000,435778347,2.515625,bidirectional,rotary,-1,768,12,64,11,0.22751214523139862,0.22751214523139862,0.17040356835232412
protein,valid_long,10,11000,435778347,2.5625,bidirectional,rotary,-1,768,12,64,11,0.21669341894060995,0.21669341894060995,0.1581195097374275
protein,train,11,12000,475451418,2.535296875,bidirectional,rotary,-1,768,12,64,11,,,
protein,valid_short,11,12000,475451418,2.5078125,bidirectional,rotary,-1,768,12,64,11,0.23278572152925667,0.23278572152925667,0.17590314684491137
protein,valid_long,11,12000,475451418,2.5625,bidirectional,rotary,-1,768,12,64,11,0.22054307521757413,0.22054307521757413,0.1607609142381488
protein,train,12,13000,515055043,2.53084375,bidirectional,rotary,-1,768,12,64,11,,,
protein,valid_short,12,13000,515055043,2.5078125,bidirectional,rotary,-1,768,12,64,11,0.2332260207471,0.2332260207471,0.17664635949584914
protein,valid_long,12,13000,515055043,2.5546875,bidirectional,rotary,-1,768,12,64,11,0.21985426423858806,0.21985426423858806,0.16081803970614736
protein,train,13,14000,554698855,2.527046875,bidirectional,rotary,-1,768,12,64,11,,,
protein,valid_short,13,14000,554698855,2.4921875,bidirectional,rotary,-1,768,12,64,11,0.2428454619787408,0.2428454619787408,0.18647366660277082
protein,valid_long,13,14000,554698855,2.5390625,bidirectional,rotary,-1,768,12,64,11,0.22221231611793923,0.22221231611793923,0.16426951160396672
protein,train,14,15000,594251982,2.5230625,bidirectional,rotary,-1,768,12,64,11,,,
protein,valid_short,14,15000,594251982,2.4921875,bidirectional,rotary,-1,768,12,64,11,0.23654770944064793,0.23654770944064793,0.17923020773808843
protein,valid_long,14,15000,594251982,2.5625,bidirectional,rotary,-1,768,12,64,11,0.2182056469570307,0.2182056469570307,0.1595434476331554
protein,train,15,16000,633868779,2.5189375,bidirectional,rotary,-1,768,12,64,11,,,
protein,valid_short,15,16000,633868779,2.484375,bidirectional,rotary,-1,768,12,64,11,0.2426867801447355,0.2426867801447355,0.18661459471246045
protein,valid_long,15,16000,633868779,2.53125,bidirectional,rotary,-1,768,12,64,11,0.22860428672530583,0.22860428672530583,0.16994318642556644
protein,train,16,17000,673525684,2.515,bidirectional,rotary,-1,768,12,64,11,,,
protein,valid_short,16,17000,673525684,2.4921875,bidirectional,rotary,-1,768,12,64,11,0.23703217334208798,0.23703217334208798,0.18090972994963606
protein,valid_long,16,17000,673525684,2.546875,bidirectional,rotary,-1,768,12,64,11,0.22455382661162274,0.22455382661162274,0.16692027179066068
protein,train,17,18000,713212112,2.5116875,bidirectional,rotary,-1,768,12,64,11,,,
protein,valid_short,17,18000,713212112,2.484375,bidirectional,rotary,-1,768,12,64,11,0.2433040278061746,0.2433040278061746,0.1866856941612496
protein,valid_long,17,18000,713212112,2.53125,bidirectional,rotary,-1,768,12,64,11,0.2287609944582846,0.2287609944582846,0.17037775375306152
protein,train,18,19000,752794869,2.509703125,bidirectional,rotary,-1,768,12,64,11,,,
protein,valid_short,18,19000,752794869,2.4765625,bidirectional,rotary,-1,768,12,64,11,0.24162740031413082,0.24162740031413082,0.18501872782266313
protein,valid_long,18,19000,752794869,2.5390625,bidirectional,rotary,-1,768,12,64,11,0.22470189118711867,0.22470189118711867,0.16735540983374964
protein,train,19,20000,792399283,2.5063125,bidirectional,rotary,-1,768,12,64,11,,,
protein,valid_short,19,20000,792399283,2.484375,bidirectional,rotary,-1,768,12,64,11,0.24196540486337428,0.24196540486337428,0.18547820017877736
protein,valid_long,19,20000,792399283,2.53125,bidirectional,rotary,-1,768,12,64,11,0.2259023516408126,0.2259023516408126,0.16787400651044762
protein,train,20,21000,832042000,2.502578125,bidirectional,rotary,-1,768,12,64,11,,,
protein,valid_short,20,21000,832042000,2.46875,bidirectional,rotary,-1,768,12,64,11,0.24365637419749311,0.24365637419749311,0.1878658858455733
protein,valid_long,20,21000,832042000,2.5234375,bidirectional,rotary,-1,768,12,64,11,0.23286853601544244,0.23286853601544244,0.17500598351180863
protein,train,21,22000,871698306,2.5005,bidirectional,rotary,-1,768,12,64,11,,,
protein,valid_short,21,22000,871698306,2.4609375,bidirectional,rotary,-1,768,12,64,11,0.24901549634327214,0.24901549634327214,0.19369665219052237
protein,valid_long,21,22000,871698306,2.53125,bidirectional,rotary,-1,768,12,64,11,0.23095310751703793,0.23095310751703793,0.17234035093368644
protein,train,22,23000,911298736,2.49834375,bidirectional,rotary,-1,768,12,64,11,,,
protein,valid_short,22,23000,911298736,2.46875,bidirectional,rotary,-1,768,12,64,11,0.24614673242909987,0.24614673242909987,0.19033662121615214
protein,valid_long,22,23000,911298736,2.53125,bidirectional,rotary,-1,768,12,64,11,0.2282015047931864,0.2282015047931864,0.170355729842453
protein,train,23,24000,950970623,2.4919375,bidirectional,rotary,-1,768,12,64,11,,,
protein,valid_short,23,24000,950970623,2.453125,bidirectional,rotary,-1,768,12,64,11,0.24920586125627625,0.24920586125627625,0.1934363321177736
protein,valid_long,23,24000,950970623,2.5234375,bidirectional,rotary,-1,768,12,64,11,0.23229300090040964,0.23229300090040964,0.17448638729322674
protein,train,24,25000,990557045,2.486171875,bidirectional,rotary,-1,768,12,64,11,,,
protein,valid_short,24,25000,990557045,2.453125,bidirectional,rotary,-1,768,12,64,11,0.25043469366881455,0.25043469366881455,0.19509139624936608
protein,valid_long,24,25000,990557045,2.515625,bidirectional,rotary,-1,768,12,64,11,0.23290900518623292,0.23290900518623292,0.1751512466822246
protein,train,25,25239,1000033895,2.4847018828451883,bidirectional,rotary,-1,768,12,64,11,,,
protein,valid_short,25,25239,1000033895,2.453125,bidirectional,rotary,-1,768,12,64,11,0.25176781808007326,0.25176781808007326,0.19655894008145494
protein,valid_long,25,25239,1000033895,2.5234375,bidirectional,rotary,-1,768,12,64,11,0.2313589555448726,0.2313589555448726,0.17386776672741164
protein,train,0,1000,39601271,2.760390625,causal,rotary,-1,768,12,64,11,,,
protein,valid_short,0,1000,39601271,2.625,causal,rotary,-1,768,12,64,11,0.1987939596635249,0.1987939596635249,0.1382139668824944
protein,valid_long,0,1000,39601271,2.640625,causal,rotary,-1,768,12,64,11,0.19707815738280207,0.19707815738280207,0.13618647433694417
protein,train,1,2000,79271237,2.638578125,causal,rotary,-1,768,12,64,11,,,
protein,valid_short,1,2000,79271237,2.6171875,causal,rotary,-1,768,12,64,11,0.20303973070842046,0.20303973070842046,0.14152962118672083
protein,valid_long,1,2000,79271237,2.609375,causal,rotary,-1,768,12,64,11,0.20055340907641891,0.20055340907641891,0.13809822821260906
protein,train,2,3000,118887464,2.627109375,causal,rotary,-1,768,12,64,11,,,
protein,valid_short,2,3000,118887464,2.609375,causal,rotary,-1,768,12,64,11,0.20233699226061005,0.20233699226061005,0.1440825851891925
protein,valid_long,2,3000,118887464,2.609375,causal,rotary,-1,768,12,64,11,0.2017774726322615,0.2017774726322615,0.14300265830586803
protein,train,3,4000,158506944,2.61840625,causal,rotary,-1,768,12,64,11,,,
protein,valid_short,3,4000,158506944,2.6015625,causal,rotary,-1,768,12,64,11,0.20186366859110705,0.20186366859110705,0.14247312531817793
protein,valid_long,3,4000,158506944,2.59375,causal,rotary,-1,768,12,64,11,0.20404906879076834,0.20404906879076834,0.14350178493228452
protein,train,4,5000,198135791,2.614265625,causal,rotary,-1,768,12,64,11,,,
protein,valid_short,4,5000,198135791,2.59375,causal,rotary,-1,768,12,64,11,0.2091268233387358,0.2091268233387358,0.14767479463042563
protein,valid_long,4,5000,198135791,2.5859375,causal,rotary,-1,768,12,64,11,0.2070009027680649,0.2070009027680649,0.14680918987808103
protein,train,5,6000,237713489,2.610921875,causal,rotary,-1,768,12,64,11,,,
protein,valid_short,5,6000,237713489,2.59375,causal,rotary,-1,768,12,64,11,0.20483772198407837,0.20483772198407837,0.14417859912496667
protein,valid_long,5,6000,237713489,2.5859375,causal,rotary,-1,768,12,64,11,0.21146821571711227,0.21146821571711227,0.15180327781589176
protein,train,6,7000,277317608,2.60846875,causal,rotary,-1,768,12,64,11,,,
protein,valid_short,6,7000,277317608,2.59375,causal,rotary,-1,768,12,64,11,0.209076586878081,0.209076586878081,0.14925565945397826
protein,valid_long,6,7000,277317608,2.59375,causal,rotary,-1,768,12,64,11,0.20957755809213208,0.20957755809213208,0.1489769490116971
protein,train,7,8000,316873237,2.60590625,causal,rotary,-1,768,12,64,11,,,
protein,valid_short,7,8000,316873237,2.578125,causal,rotary,-1,768,12,64,11,0.21033623276870644,0.21033623276870644,0.15120583174242752
protein,valid_long,7,8000,316873237,2.5859375,causal,rotary,-1,768,12,64,11,0.21075658812488904,0.21075658812488904,0.15180040254341298
protein,train,8,9000,356507531,2.60284375,causal,rotary,-1,768,12,64,11,,,
protein,valid_short,8,9000,356507531,2.578125,causal,rotary,-1,768,12,64,11,0.21086098148812882,0.21086098148812882,0.15027357546967654
protein,valid_long,8,9000,356507531,2.5859375,causal,rotary,-1,768,12,64,11,0.21109856510320854,0.21109856510320854,0.15006717354528856
protein,train,9,10000,396143532,2.600703125,causal,rotary,-1,768,12,64,11,,,
protein,valid_short,9,10000,396143532,2.5703125,causal,rotary,-1,768,12,64,11,0.2122947496452463,0.2122947496452463,0.15133484997789776
protein,valid_long,9,10000,396143532,2.5859375,causal,rotary,-1,768,12,64,11,0.20891222882198485,0.20891222882198485,0.14813452504609895
protein,train,10,11000,435778347,2.59825,causal,rotary,-1,768,12,64,11,,,
protein,valid_short,10,11000,435778347,2.5625,causal,rotary,-1,768,12,64,11,0.2186442416162445,0.2186442416162445,0.1599465982114059
protein,valid_long,10,11000,435778347,2.5859375,causal,rotary,-1,768,12,64,11,0.21056928198783118,0.21056928198783118,0.1507737142433449
protein,train,11,12000,475451418,2.594625,causal,rotary,-1,768,12,64,11,,,
protein,valid_short,11,12000,475451418,2.5703125,causal,rotary,-1,768,12,64,11,0.21569622823493578,0.21569622823493578,0.1573508109617105
protein,valid_long,11,12000,475451418,2.5703125,causal,rotary,-1,768,12,64,11,0.21379222434671766,0.21379222434671766,0.15411006123101256
protein,train,12,13000,515055043,2.594265625,causal,rotary,-1,768,12,64,11,,,
protein,valid_short,12,13000,515055043,2.5625,causal,rotary,-1,768,12,64,11,0.22061150528303813,0.22061150528303813,0.1607801396935063
protein,valid_long,12,13000,515055043,2.578125,causal,rotary,-1,768,12,64,11,0.21120481006853328,0.21120481006853328,0.1502815667025525
protein,train,13,14000,554698855,2.592515625,causal,rotary,-1,768,12,64,11,,,
protein,valid_short,13,14000,554698855,2.5703125,causal,rotary,-1,768,12,64,11,0.21433280925090023,0.21433280925090023,0.15460678241111625
protein,valid_long,13,14000,554698855,2.578125,causal,rotary,-1,768,12,64,11,0.21053770007888642,0.21053770007888642,0.15052376927571837
protein,train,14,15000,594251982,2.59034375,causal,rotary,-1,768,12,64,11,,,
protein,valid_short,14,15000,594251982,2.5625,causal,rotary,-1,768,12,64,11,0.21508957860206915,0.21508957860206915,0.15580561393666326
protein,valid_long,14,15000,594251982,2.5703125,causal,rotary,-1,768,12,64,11,0.21425297891842346,0.21425297891842346,0.15415911142852978
protein,train,15,16000,633868779,2.589015625,causal,rotary,-1,768,12,64,11,,,
protein,valid_short,15,16000,633868779,2.5703125,causal,rotary,-1,768,12,64,11,0.21816067546387582,0.21816067546387582,0.15957880411535802
protein,valid_long,15,16000,633868779,2.578125,causal,rotary,-1,768,12,64,11,0.21257690547617836,0.21257690547617836,0.15222378846608015
protein,train,16,17000,673525684,2.5871875,causal,rotary,-1,768,12,64,11,,,
protein,valid_short,16,17000,673525684,2.5546875,causal,rotary,-1,768,12,64,11,0.22024768425291985,0.22024768425291985,0.161400843825612
protein,valid_long,16,17000,673525684,2.578125,causal,rotary,-1,768,12,64,11,0.21174422446438101,0.21174422446438101,0.15195045613584668
protein,train,17,18000,713212112,2.58578125,causal,rotary,-1,768,12,64,11,,,
protein,valid_short,17,18000,713212112,2.578125,causal,rotary,-1,768,12,64,11,0.21865179929042067,0.21865179929042067,0.15982558271031433
protein,valid_long,17,18000,713212112,2.5625,causal,rotary,-1,768,12,64,11,0.2162754184709666,0.2162754184709666,0.1569006880917861
protein,train,18,19000,752794869,2.58534375,causal,rotary,-1,768,12,64,11,,,
protein,valid_short,18,19000,752794869,2.546875,causal,rotary,-1,768,12,64,11,0.22591684543875779,0.22591684543875779,0.167662834380561
protein,valid_long,18,19000,752794869,2.5703125,causal,rotary,-1,768,12,64,11,0.21488349613349614,0.21488349613349614,0.1547744377834226
protein,train,19,20000,792399283,2.58296875,causal,rotary,-1,768,12,64,11,,,
protein,valid_short,19,20000,792399283,2.546875,causal,rotary,-1,768,12,64,11,0.22664209286847897,0.22664209286847897,0.16809554213772873
protein,valid_long,19,20000,792399283,2.5625,causal,rotary,-1,768,12,64,11,0.21914309674468246,0.21914309674468246,0.16005039965431223
protein,train,20,21000,832042000,2.58190625,causal,rotary,-1,768,12,64,11,,,
protein,valid_short,20,21000,832042000,2.5625,causal,rotary,-1,768,12,64,11,0.21978189971463513,0.21978189971463513,0.16114525003271016
protein,valid_long,20,21000,832042000,2.5625,causal,rotary,-1,768,12,64,11,0.2156989574613804,0.2156989574613804,0.15586361640523164
protein,train,21,22000,871698306,2.580171875,causal,rotary,-1,768,12,64,11,,,
protein,valid_short,21,22000,871698306,2.5390625,causal,rotary,-1,768,12,64,11,0.22773998874852963,0.22773998874852963,0.16856981557355788
protein,valid_long,21,22000,871698306,2.5703125,causal,rotary,-1,768,12,64,11,0.21578663793103448,0.21578663793103448,0.1557265451542749
protein,train,22,23000,911298736,2.579546875,causal,rotary,-1,768,12,64,11,,,
protein,valid_short,22,23000,911298736,2.5546875,causal,rotary,-1,768,12,64,11,0.22186169134049888,0.22186169134049888,0.16381142869509746
protein,valid_long,22,23000,911298736,2.5703125,causal,rotary,-1,768,12,64,11,0.21627974942502445,0.21627974942502445,0.15626531162579277
protein,train,23,24000,950970623,2.575546875,causal,rotary,-1,768,12,64,11,,,
protein,valid_short,23,24000,950970623,2.546875,causal,rotary,-1,768,12,64,11,0.22603471974749276,0.22603471974749276,0.16724287633556897
protein,valid_long,23,24000,950970623,2.5546875,causal,rotary,-1,768,12,64,11,0.22057979517134949,0.22057979517134949,0.1608954970899705
protein,train,24,25000,990557045,2.572296875,causal,rotary,-1,768,12,64,11,,,
protein,valid_short,24,25000,990557045,2.546875,causal,rotary,-1,768,12,64,11,0.22666666666666666,0.22666666666666666,0.16855122703455727
protein,valid_long,24,25000,990557045,2.546875,causal,rotary,-1,768,12,64,11,0.22082079273580574,0.22082079273580574,0.16141185717119635
protein,train,25,25239,1000033895,2.571587343096234,causal,rotary,-1,768,12,64,11,,,
protein,valid_short,25,25239,1000033895,2.546875,causal,rotary,-1,768,12,64,11,0.2270501835985312,0.2270501835985312,0.1680586990456969
protein,valid_long,25,25239,1000033895,2.5625,causal,rotary,-1,768,12,64,11,0.21765193546329953,0.21765193546329953,0.15780725502082577
protein,train,0,1000,39601271,2.753203125,dual_triangle,rotary,-1,768,12,128,11,,,
protein,valid_short,0,1000,39601271,2.6171875,dual_triangle,rotary,-1,768,12,128,11,0.2042458999899386,0.2042458999899386,0.145661259251122
protein,valid_long,0,1000,39601271,2.6171875,dual_triangle,rotary,-1,768,12,128,11,0.19915535367969786,0.19915535367969786,0.1406394466938049
protein,train,1,2000,79271237,2.620296875,dual_triangle,rotary,-1,768,12,128,11,,,
protein,valid_short,1,2000,79271237,2.5859375,dual_triangle,rotary,-1,768,12,128,11,0.20868681737363476,0.20868681737363476,0.14954000170672238
protein,valid_long,1,2000,79271237,2.6015625,dual_triangle,rotary,-1,768,12,128,11,0.203830596281693,0.203830596281693,0.14575111850880998
protein,train,2,3000,118887464,2.59859375,dual_triangle,rotary,-1,768,12,128,11,,,
protein,valid_short,2,3000,118887464,2.5625,dual_triangle,rotary,-1,768,12,128,11,0.2095505617977528,0.2095505617977528,0.1503138312407392
protein,valid_long,2,3000,118887464,2.578125,dual_triangle,rotary,-1,768,12,128,11,0.2114309063513548,0.2114309063513548,0.15077151174854309
protein,train,3,4000,158506944,2.58159375,dual_triangle,rotary,-1,768,12,128,11,,,
protein,valid_short,3,4000,158506944,2.5546875,dual_triangle,rotary,-1,768,12,128,11,0.21980602348136805,0.21980602348136805,0.1607025767210608
protein,valid_long,3,4000,158506944,2.5703125,dual_triangle,rotary,-1,768,12,128,11,0.21339532032287728,0.21339532032287728,0.15272001208922092
protein,train,4,5000,198135791,2.570140625,dual_triangle,rotary,-1,768,12,128,11,,,
protein,valid_short,4,5000,198135791,2.53125,dual_triangle,rotary,-1,768,12,128,11,0.22270720194894178,0.22270720194894178,0.16385161528870137
protein,valid_long,4,5000,198135791,2.5703125,dual_triangle,rotary,-1,768,12,128,11,0.21354954313817687,0.21354954313817687,0.15408677768963425
protein,train,5,6000,237713489,2.562765625,dual_triangle,rotary,-1,768,12,128,11,,,
protein,valid_short,5,6000,237713489,2.53125,dual_triangle,rotary,-1,768,12,128,11,0.22287938529976747,0.22287938529976747,0.16428489503619376
protein,valid_long,5,6000,237713489,2.5703125,dual_triangle,rotary,-1,768,12,128,11,0.21271932602774435,0.21271932602774435,0.15464348494624797
protein,train,6,7000,277317608,2.5550625,dual_triangle,rotary,-1,768,12,128,11,,,
protein,valid_short,6,7000,277317608,2.53125,dual_triangle,rotary,-1,768,12,128,11,0.22770242498972462,0.22770242498972462,0.16858940959173238
protein,valid_long,6,7000,277317608,2.5546875,dual_triangle,rotary,-1,768,12,128,11,0.21959931863829354,0.21959931863829354,0.15956656716015202
protein,train,7,8000,316873237,2.548109375,dual_triangle,rotary,-1,768,12,128,11,,,
protein,valid_short,7,8000,316873237,2.5234375,dual_triangle,rotary,-1,768,12,128,11,0.2293400030626308,0.2293400030626308,0.17219626670921787
protein,valid_long,7,8000,316873237,2.5546875,dual_triangle,rotary,-1,768,12,128,11,0.21890439289680969,0.21890439289680969,0.16014020462864031
protein,train,8,9000,356507531,2.5418125,dual_triangle,rotary,-1,768,12,128,11,,,
protein,valid_short,8,9000,356507531,2.515625,dual_triangle,rotary,-1,768,12,128,11,0.22980895582735267,0.22980895582735267,0.1727507974524971
protein,valid_long,8,9000,356507531,2.546875,dual_triangle,rotary,-1,768,12,128,11,0.2211414985187728,0.2211414985187728,0.16257951741491108
protein,train,9,10000,396143532,2.537,dual_triangle,rotary,-1,768,12,128,11,,,
protein,valid_short,9,10000,396143532,2.5078125,dual_triangle,rotary,-1,768,12,128,11,0.22970166641341236,0.22970166641341236,0.1711523143641742
protein,valid_long,9,10000,396143532,2.546875,dual_triangle,rotary,-1,768,12,128,11,0.2212402883918467,0.2212402883918467,0.1629240710096507
protein,train,10,11000,435778347,2.53103125,dual_triangle,rotary,-1,768,12,128,11,,,
protein,valid_short,10,11000,435778347,2.5078125,dual_triangle,rotary,-1,768,12,128,11,0.23510734804959177,0.23510734804959177,0.17880802235978827
protein,valid_long,10,11000,435778347,2.5390625,dual_triangle,rotary,-1,768,12,128,11,0.2230936708216091,0.2230936708216091,0.16521016280246884
protein,train,11,12000,475451418,2.5268125,dual_triangle,rotary,-1,768,12,128,11,,,
protein,valid_short,11,12000,475451418,2.5078125,dual_triangle,rotary,-1,768,12,128,11,0.23109436268269085,0.23109436268269085,0.17275402425922232
protein,valid_long,11,12000,475451418,2.5390625,dual_triangle,rotary,-1,768,12,128,11,0.22578309580062494,0.22578309580062494,0.1670567262778834
protein,train,12,13000,515055043,2.52421875,dual_triangle,rotary,-1,768,12,128,11,,,
protein,valid_short,12,13000,515055043,2.5078125,dual_triangle,rotary,-1,768,12,128,11,0.23913154273482493,0.23913154273482493,0.18252295837982277
protein,valid_long,12,13000,515055043,2.53125,dual_triangle,rotary,-1,768,12,128,11,0.22462763454126866,0.22462763454126866,0.16577252869023312
protein,train,13,14000,554698855,2.52025,dual_triangle,rotary,-1,768,12,128,11,,,
protein,valid_short,13,14000,554698855,2.5,dual_triangle,rotary,-1,768,12,128,11,0.24037582529202642,0.24037582529202642,0.18402699529599453
protein,valid_long,13,14000,554698855,2.5390625,dual_triangle,rotary,-1,768,12,128,11,0.22315861509606125,0.22315861509606125,0.1637783482392268
protein,train,14,15000,594251982,2.517609375,dual_triangle,rotary,-1,768,12,128,11,,,
protein,valid_short,14,15000,594251982,2.4921875,dual_triangle,rotary,-1,768,12,128,11,0.23752203475195166,0.23752203475195166,0.18036802026970733
protein,valid_long,14,15000,594251982,2.5390625,dual_triangle,rotary,-1,768,12,128,11,0.22472539361309454,0.22472539361309454,0.16584468581388825
protein,train,15,16000,633868779,2.512453125,dual_triangle,rotary,-1,768,12,128,11,,,
protein,valid_short,15,16000,633868779,2.484375,dual_triangle,rotary,-1,768,12,128,11,0.24167052886348422,0.24167052886348422,0.1846766309137931
protein,valid_long,15,16000,633868779,2.5234375,dual_triangle,rotary,-1,768,12,128,11,0.22789971040999848,0.22789971040999848,0.1686555153335491
protein,train,16,17000,673525684,2.51078125,dual_triangle,rotary,-1,768,12,128,11,,,
protein,valid_short,16,17000,673525684,2.4765625,dual_triangle,rotary,-1,768,12,128,11,0.2458204959846457,0.2458204959846457,0.19006365017883117
protein,valid_long,16,17000,673525684,2.515625,dual_triangle,rotary,-1,768,12,128,11,0.2337697102576196,0.2337697102576196,0.17513937277046954
protein,train,17,18000,713212112,2.507453125,dual_triangle,rotary,-1,768,12,128,11,,,
protein,valid_short,17,18000,713212112,2.4921875,dual_triangle,rotary,-1,768,12,128,11,0.23627287853577372,0.23627287853577372,0.17956212132159932
protein,valid_long,17,18000,713212112,2.53125,dual_triangle,rotary,-1,768,12,128,11,0.23043428730554535,0.23043428730554535,0.17247295733759424
protein,train,18,19000,752794869,2.5059375,dual_triangle,rotary,-1,768,12,128,11,,,
protein,valid_short,18,19000,752794869,2.4765625,dual_triangle,rotary,-1,768,12,128,11,0.24332643689761316,0.24332643689761316,0.1875709392457827
protein,valid_long,18,19000,752794869,2.5234375,dual_triangle,rotary,-1,768,12,128,11,0.23118177323038303,0.23118177323038303,0.17381224527564595
protein,train,19,20000,792399283,2.50328125,dual_triangle,rotary,-1,768,12,128,11,,,
protein,valid_short,19,20000,792399283,2.46875,dual_triangle,rotary,-1,768,12,128,11,0.24699160683587826,0.24699160683587826,0.1913695075310719
protein,valid_long,19,20000,792399283,2.515625,dual_triangle,rotary,-1,768,12,128,11,0.23056591843186847,0.23056591843186847,0.1727164241400541
protein,train,20,21000,832042000,2.499890625,dual_triangle,rotary,-1,768,12,128,11,,,
protein,valid_short,20,21000,832042000,2.46875,dual_triangle,rotary,-1,768,12,128,11,0.24291683652670198,0.24291683652670198,0.1861681104874164
protein,valid_long,20,21000,832042000,2.5234375,dual_triangle,rotary,-1,768,12,128,11,0.23019256958851456,0.23019256958851456,0.17213772161691004
protein,train,21,22000,871698306,2.498640625,dual_triangle,rotary,-1,768,12,128,11,,,
protein,valid_short,21,22000,871698306,2.4765625,dual_triangle,rotary,-1,768,12,128,11,0.24469268095430652,0.24469268095430652,0.1876704526134188
protein,valid_long,21,22000,871698306,2.515625,dual_triangle,rotary,-1,768,12,128,11,0.23061351802105745,0.23061351802105745,0.17253205563475096
protein,train,22,23000,911298736,2.496578125,dual_triangle,rotary,-1,768,12,128,11,,,
protein,valid_short,22,23000,911298736,2.46875,dual_triangle,rotary,-1,768,12,128,11,0.2451159951159951,0.2451159951159951,0.18913472422040536
protein,valid_long,22,23000,911298736,2.515625,dual_triangle,rotary,-1,768,12,128,11,0.23090017530933205,0.23090017530933205,0.17263312428346222
protein,train,23,24000,950970623,2.49009375,dual_triangle,rotary,-1,768,12,128,11,,,
protein,valid_short,23,24000,950970623,2.46875,dual_triangle,rotary,-1,768,12,128,11,0.24297918052074274,0.24297918052074274,0.18696334170303863
protein,valid_long,23,24000,950970623,2.5078125,dual_triangle,rotary,-1,768,12,128,11,0.23235238276058479,0.23235238276058479,0.17548613323637308
protein,train,24,25000,990557045,2.483015625,dual_triangle,rotary,-1,768,12,128,11,,,
protein,valid_short,24,25000,990557045,2.46875,dual_triangle,rotary,-1,768,12,128,11,0.24853875476493012,0.24853875476493012,0.19247421780286658
protein,valid_long,24,25000,990557045,2.5078125,dual_triangle,rotary,-1,768,12,128,11,0.23213285823364724,0.23213285823364724,0.17449926015966757
protein,train,25,25239,1000033895,2.4823483263598325,dual_triangle,rotary,-1,768,12,128,11,,,
protein,valid_short,25,25239,1000033895,2.453125,dual_triangle,rotary,-1,768,12,128,11,0.2493651599796851,0.2493651599796851,0.19344348597369132
protein,valid_long,25,25239,1000033895,2.5,dual_triangle,rotary,-1,768,12,128,11,0.2335593694736708,0.2335593694736708,0.17630787559647082
protein,train,0,1000,39543319,2.769546875,bidirectional,rotary,-1,768,12,64,22,,,
protein,valid_short,0,1000,39543319,2.6171875,bidirectional,rotary,-1,768,12,64,22,0.20257153021293897,0.20257153021293897,0.14185975186849012
protein,valid_long,0,1000,39543319,2.640625,bidirectional,rotary,-1,768,12,64,22,0.19750722726581124,0.19750722726581124,0.13732142314210063
protein,train,1,2000,79130390,2.641046875,bidirectional,rotary,-1,768,12,64,22,,,
protein,valid_short,1,2000,79130390,2.6171875,bidirectional,rotary,-1,768,12,64,22,0.20248101265822785,0.20248101265822785,0.14096332733388853
protein,valid_long,1,2000,79130390,2.6171875,bidirectional,rotary,-1,768,12,64,22,0.19943009070208245,0.19943009070208245,0.13897055508484588
protein,train,2,3000,118730336,2.608109375,bidirectional,rotary,-1,768,12,64,22,,,
protein,valid_short,2,3000,118730336,2.578125,bidirectional,rotary,-1,768,12,64,22,0.21024519279682571,0.21024519279682571,0.1514489531203899
protein,valid_long,2,3000,118730336,2.59375,bidirectional,rotary,-1,768,12,64,22,0.2063546379732076,0.2063546379732076,0.14806859200492484
protein,train,3,4000,158359470,2.589625,bidirectional,rotary,-1,768,12,64,22,,,
protein,valid_short,3,4000,158359470,2.5546875,bidirectional,rotary,-1,768,12,64,22,0.219907289491111,0.219907289491111,0.1614378630312024
protein,valid_long,3,4000,158359470,2.59375,bidirectional,rotary,-1,768,12,64,22,0.20640415953332064,0.20640415953332064,0.14935919051761698
protein,train,4,5000,197938228,2.57784375,bidirectional,rotary,-1,768,12,64,22,,,
protein,valid_short,4,5000,197938228,2.5546875,bidirectional,rotary,-1,768,12,64,22,0.22161915390078116,0.22161915390078116,0.16298762775857611
protein,valid_long,4,5000,197938228,2.5859375,bidirectional,rotary,-1,768,12,64,22,0.20851606323304436,0.20851606323304436,0.15006983136802726
protein,train,5,6000,237533008,2.57046875,bidirectional,rotary,-1,768,12,64,22,,,
protein,valid_short,5,6000,237533008,2.5546875,bidirectional,rotary,-1,768,12,64,22,0.21791681478848204,0.21791681478848204,0.158764330203202
protein,valid_long,5,6000,237533008,2.578125,bidirectional,rotary,-1,768,12,64,22,0.2119921195374066,0.2119921195374066,0.15212420319268383
protein,train,6,7000,277087576,2.56196875,bidirectional,rotary,-1,768,12,64,22,,,
protein,valid_short,6,7000,277087576,2.53125,bidirectional,rotary,-1,768,12,64,22,0.2267450702083439,0.2267450702083439,0.16923246060613586
protein,valid_long,6,7000,277087576,2.578125,bidirectional,rotary,-1,768,12,64,22,0.21245505025476816,0.21245505025476816,0.15382974171591587
protein,train,7,8000,316703034,2.555609375,bidirectional,rotary,-1,768,12,64,22,,,
protein,valid_short,7,8000,316703034,2.53125,bidirectional,rotary,-1,768,12,64,22,0.22714314803502342,0.22714314803502342,0.1689945591401729
protein,valid_long,7,8000,316703034,2.5703125,bidirectional,rotary,-1,768,12,64,22,0.21549211521083378,0.21549211521083378,0.15670389054885092
protein,train,8,9000,356331954,2.548140625,bidirectional,rotary,-1,768,12,64,22,,,
protein,valid_short,8,9000,356331954,2.53125,bidirectional,rotary,-1,768,12,64,22,0.22403507877428236,0.22403507877428236,0.16608694179167183
protein,valid_long,8,9000,356331954,2.5625,bidirectional,rotary,-1,768,12,64,22,0.2159928466500607,0.2159928466500607,0.1572014139355923
protein,train,9,10000,395930736,2.54228125,bidirectional,rotary,-1,768,12,64,22,,,
protein,valid_short,9,10000,395930736,2.53125,bidirectional,rotary,-1,768,12,64,22,0.22740824509098387,0.22740824509098387,0.17031087066354397
protein,valid_long,9,10000,395930736,2.5703125,bidirectional,rotary,-1,768,12,64,22,0.2172333312306819,0.2172333312306819,0.16004808265878226
protein,train,10,11000,435527002,2.537359375,bidirectional,rotary,-1,768,12,64,22,,,
protein,valid_short,10,11000,435527002,2.515625,bidirectional,rotary,-1,768,12,64,22,0.2309072270630446,0.2309072270630446,0.1739412087949251
protein,valid_long,10,11000,435527002,2.5546875,bidirectional,rotary,-1,768,12,64,22,0.2227170925379212,0.2227170925379212,0.16578702310282958
protein,train,11,12000,475146371,2.531953125,bidirectional,rotary,-1,768,12,64,22,,,
protein,valid_short,11,12000,475146371,2.5,bidirectional,rotary,-1,768,12,64,22,0.23479194356405275,0.23479194356405275,0.17823626105933252
protein,valid_long,11,12000,475146371,2.5546875,bidirectional,rotary,-1,768,12,64,22,0.2188752734676328,0.2188752734676328,0.16049795131142025
protein,train,12,13000,514690800,2.527609375,bidirectional,rotary,-1,768,12,64,22,,,
protein,valid_short,12,13000,514690800,2.515625,bidirectional,rotary,-1,768,12,64,22,0.23772292912259185,0.23772292912259185,0.18227572617000892
protein,valid_long,12,13000,514690800,2.5546875,bidirectional,rotary,-1,768,12,64,22,0.22057590159351412,0.22057590159351412,0.16236348479142576
protein,train,13,14000,554263639,2.522921875,bidirectional,rotary,-1,768,12,64,22,,,
protein,valid_short,13,14000,554263639,2.5078125,bidirectional,rotary,-1,768,12,64,22,0.23520122261844117,0.23520122261844117,0.17921873203429917
protein,valid_long,13,14000,554263639,2.53125,bidirectional,rotary,-1,768,12,64,22,0.22550390158350914,0.22550390158350914,0.16829129644574886
protein,train,14,15000,593861815,2.51834375,bidirectional,rotary,-1,768,12,64,22,,,
protein,valid_short,14,15000,593861815,2.4921875,bidirectional,rotary,-1,768,12,64,22,0.23536616483796888,0.23536616483796888,0.17936768604472542
protein,valid_long,14,15000,593861815,2.53125,bidirectional,rotary,-1,768,12,64,22,0.22854655554275327,0.22854655554275327,0.170951173124588
protein,train,15,16000,633473990,2.513375,bidirectional,rotary,-1,768,12,64,22,,,
protein,valid_short,15,16000,633473990,2.5,bidirectional,rotary,-1,768,12,64,22,0.23843724531377344,0.23843724531377344,0.18245139544339076
protein,valid_long,15,16000,633473990,2.5390625,bidirectional,rotary,-1,768,12,64,22,0.22635928554200044,0.22635928554200044,0.16931597141639543
protein,train,16,17000,673097874,2.50975,bidirectional,rotary,-1,768,12,64,22,,,
protein,valid_short,16,17000,673097874,2.4765625,bidirectional,rotary,-1,768,12,64,22,0.245470189290414,0.245470189290414,0.18859966122982832
protein,valid_long,16,17000,673097874,2.53125,bidirectional,rotary,-1,768,12,64,22,0.2309003268597301,0.2309003268597301,0.17360324910087888
protein,train,17,18000,712563544,2.5076875,bidirectional,rotary,-1,768,12,64,22,,,
protein,valid_short,17,18000,712563544,2.4765625,bidirectional,rotary,-1,768,12,64,22,0.24576055405611855,0.24576055405611855,0.18996222254895143
protein,valid_long,17,18000,712563544,2.5234375,bidirectional,rotary,-1,768,12,64,22,0.233556107186048,0.233556107186048,0.17714173895399798
protein,train,18,19000,752113366,2.504515625,bidirectional,rotary,-1,768,12,64,22,,,
protein,valid_short,18,19000,752113366,2.46875,bidirectional,rotary,-1,768,12,64,22,0.24582387080494575,0.24582387080494575,0.18951458823137673
protein,valid_long,18,19000,752113366,2.5234375,bidirectional,rotary,-1,768,12,64,22,0.2330120543207365,0.2330120543207365,0.17532835329658747
protein,train,19,20000,791725177,2.502484375,bidirectional,rotary,-1,768,12,64,22,,,
protein,valid_short,19,20000,791725177,2.4765625,bidirectional,rotary,-1,768,12,64,22,0.24662861760694985,0.24662861760694985,0.19069797049774037
protein,valid_long,19,20000,791725177,2.53125,bidirectional,rotary,-1,768,12,64,22,0.23170530745731344,0.23170530745731344,0.17433961674616205
protein,train,20,21000,831272866,2.498671875,bidirectional,rotary,-1,768,12,64,22,,,
protein,valid_short,20,21000,831272866,2.46875,bidirectional,rotary,-1,768,12,64,22,0.24908312958435208,0.24908312958435208,0.19299171522861844
protein,valid_long,20,21000,831272866,2.5234375,bidirectional,rotary,-1,768,12,64,22,0.23210596362253627,0.23210596362253627,0.1758027608170736
protein,train,21,22000,870920837,2.496046875,bidirectional,rotary,-1,768,12,64,22,,,
protein,valid_short,21,22000,870920837,2.4609375,bidirectional,rotary,-1,768,12,64,22,0.25118026295751056,0.25118026295751056,0.1959257608248869
protein,valid_long,21,22000,870920837,2.5234375,bidirectional,rotary,-1,768,12,64,22,0.23227157360406092,0.23227157360406092,0.17627219763099264
protein,train,22,23000,910474780,2.494046875,bidirectional,rotary,-1,768,12,64,22,,,
protein,valid_short,22,23000,910474780,2.4609375,bidirectional,rotary,-1,768,12,64,22,0.25047714716223,0.25047714716223,0.1948273731465329
protein,valid_long,22,23000,910474780,2.5078125,bidirectional,rotary,-1,768,12,64,22,0.23507931073833163,0.23507931073833163,0.1784151992063871
protein,train,23,24000,950074521,2.487421875,bidirectional,rotary,-1,768,12,64,22,,,
protein,valid_short,23,24000,950074521,2.4609375,bidirectional,rotary,-1,768,12,64,22,0.24958123953098826,0.24958123953098826,0.19457219133840542
protein,valid_long,23,24000,950074521,2.5078125,bidirectional,rotary,-1,768,12,64,22,0.234941827198169,0.234941827198169,0.17882265943748818
protein,train,24,25000,989658793,2.483140625,bidirectional,rotary,-1,768,12,64,22,,,
protein,valid_short,24,25000,989658793,2.453125,bidirectional,rotary,-1,768,12,64,22,0.25275117179539436,0.25275117179539436,0.19784659853490247
protein,valid_long,24,25000,989658793,2.5078125,bidirectional,rotary,-1,768,12,64,22,0.23640223208043626,0.23640223208043626,0.18027948054031293
protein,train,25,25262,1000013881,2.482168416030534,bidirectional,rotary,-1,768,12,64,22,,,
protein,valid_short,25,25262,1000013881,2.4609375,bidirectional,rotary,-1,768,12,64,22,0.247775777834919,0.247775777834919,0.19239884177535346
protein,valid_long,25,25262,1000013881,2.5078125,bidirectional,rotary,-1,768,12,64,22,0.23648948442630224,0.23648948442630224,0.17996977823566526
protein,train,0,1000,39543319,2.76665625,causal,rotary,-1,768,12,64,22,,,
protein,valid_short,0,1000,39543319,2.6484375,causal,rotary,-1,768,12,64,22,0.19079315075453482,0.19079315075453482,0.13369534560710947
protein,valid_long,0,1000,39543319,2.640625,causal,rotary,-1,768,12,64,22,0.19569791015849133,0.19569791015849133,0.14015178872781087
protein,train,1,2000,79130390,2.639515625,causal,rotary,-1,768,12,64,22,,,
protein,valid_short,1,2000,79130390,2.6171875,causal,rotary,-1,768,12,64,22,0.20489932545519096,0.20489932545519096,0.14532582331428964
protein,valid_long,1,2000,79130390,2.6171875,causal,rotary,-1,768,12,64,22,0.19943347791449056,0.19943347791449056,0.1397667815110815
protein,train,2,3000,118730336,2.6276875,causal,rotary,-1,768,12,64,22,,,
protein,valid_short,2,3000,118730336,2.609375,causal,rotary,-1,768,12,64,22,0.20216514323648063,0.20216514323648063,0.14789683732524656
protein,valid_long,2,3000,118730336,2.609375,causal,rotary,-1,768,12,64,22,0.20033779064599286,0.20033779064599286,0.14591227788127514
protein,train,3,4000,158359470,2.62034375,causal,rotary,-1,768,12,64,22,,,
protein,valid_short,3,4000,158359470,2.59375,causal,rotary,-1,768,12,64,22,0.21031565080812686,0.21031565080812686,0.149480113377335
protein,valid_long,3,4000,158359470,2.59375,causal,rotary,-1,768,12,64,22,0.2076115318526061,0.2076115318526061,0.14810523514715868
protein,train,4,5000,197938228,2.614765625,causal,rotary,-1,768,12,64,22,,,
protein,valid_short,4,5000,197938228,2.5859375,causal,rotary,-1,768,12,64,22,0.20718078381795196,0.20718078381795196,0.1456451640062199
protein,valid_long,4,5000,197938228,2.59375,causal,rotary,-1,768,12,64,22,0.20398884346463914,0.20398884346463914,0.14317043397592907
protein,train,5,6000,237533008,2.611796875,causal,rotary,-1,768,12,64,22,,,
protein,valid_short,5,6000,237533008,2.5859375,causal,rotary,-1,768,12,64,22,0.21224759676516963,0.21224759676516963,0.15197832476162101
protein,valid_long,5,6000,237533008,2.59375,causal,rotary,-1,768,12,64,22,0.20734153602412256,0.20734153602412256,0.14777141409248248
protein,train,6,7000,277087576,2.608265625,causal,rotary,-1,768,12,64,22,,,
protein,valid_short,6,7000,277087576,2.5859375,causal,rotary,-1,768,12,64,22,0.2094216891960565,0.2094216891960565,0.14911835344359906
protein,valid_long,6,7000,277087576,2.59375,causal,rotary,-1,768,12,64,22,0.2042404894242143,0.2042404894242143,0.14418836356752998
protein,train,7,8000,316703034,2.606234375,causal,rotary,-1,768,12,64,22,,,
protein,valid_short,7,8000,316703034,2.5703125,causal,rotary,-1,768,12,64,22,0.21481031251582838,0.21481031251582838,0.1559123749187415
protein,valid_long,7,8000,316703034,2.5859375,causal,rotary,-1,768,12,64,22,0.20874619993131258,0.20874619993131258,0.15042632353018787
protein,train,8,9000,356331954,2.603640625,causal,rotary,-1,768,12,64,22,,,
protein,valid_short,8,9000,356331954,2.578125,causal,rotary,-1,768,12,64,22,0.20612557427258804,0.20612557427258804,0.1458870274161569
protein,valid_long,8,9000,356331954,2.5859375,causal,rotary,-1,768,12,64,22,0.21007668420051967,0.21007668420051967,0.1498258097705865
protein,train,9,10000,395930736,2.600828125,causal,rotary,-1,768,12,64,22,,,
protein,valid_short,9,10000,395930736,2.5703125,causal,rotary,-1,768,12,64,22,0.2132564841498559,0.2132564841498559,0.1548862785847783
protein,valid_long,9,10000,395930736,2.5859375,causal,rotary,-1,768,12,64,22,0.21062874441914597,0.21062874441914597,0.15137080127074606
protein,train,10,11000,435527002,2.598171875,causal,rotary,-1,768,12,64,22,,,
protein,valid_short,10,11000,435527002,2.59375,causal,rotary,-1,768,12,64,22,0.20898258478460127,0.20898258478460127,0.14898950577527095
protein,valid_long,10,11000,435527002,2.5859375,causal,rotary,-1,768,12,64,22,0.21072568036506464,0.21072568036506464,0.1507387382368749
protein,train,11,12000,475146371,2.596328125,causal,rotary,-1,768,12,64,22,,,
protein,valid_short,11,12000,475146371,2.5703125,causal,rotary,-1,768,12,64,22,0.2219525759644067,0.2219525759644067,0.1628453370645821
protein,valid_long,11,12000,475146371,2.5859375,causal,rotary,-1,768,12,64,22,0.2083359758495161,0.2083359758495161,0.14796594043587302
protein,train,12,13000,514690800,2.595203125,causal,rotary,-1,768,12,64,22,,,
protein,valid_short,12,13000,514690800,2.5859375,causal,rotary,-1,768,12,64,22,0.21426389737324375,0.21426389737324375,0.15454550261388678
protein,valid_long,12,13000,514690800,2.5859375,causal,rotary,-1,768,12,64,22,0.21178625488125977,0.21178625488125977,0.15280817408073752
protein,train,13,14000,554263639,2.592609375,causal,rotary,-1,768,12,64,22,,,
protein,valid_short,13,14000,554263639,2.578125,causal,rotary,-1,768,12,64,22,0.21766370250606307,0.21766370250606307,0.15862708455225719
protein,valid_long,13,14000,554263639,2.5859375,causal,rotary,-1,768,12,64,22,0.21085917795718687,0.21085917795718687,0.15187856227565705
protein,train,14,15000,593861815,2.591203125,causal,rotary,-1,768,12,64,22,,,
protein,valid_short,14,15000,593861815,2.5703125,causal,rotary,-1,768,12,64,22,0.21712349861410532,0.21712349861410532,0.15755568350953547
protein,valid_long,14,15000,593861815,2.578125,causal,rotary,-1,768,12,64,22,0.2130696649816001,0.2130696649816001,0.15361263213701176
protein,train,15,16000,633473990,2.59,causal,rotary,-1,768,12,64,22,,,
protein,valid_short,15,16000,633473990,2.5859375,causal,rotary,-1,768,12,64,22,0.21386310313169438,0.21386310313169438,0.15327082205176068
protein,valid_long,15,16000,633473990,2.578125,causal,rotary,-1,768,12,64,22,0.21360523589315947,0.21360523589315947,0.15392973536485813
protein,train,16,17000,673097874,2.58809375,causal,rotary,-1,768,12,64,22,,,
protein,valid_short,16,17000,673097874,2.5625,causal,rotary,-1,768,12,64,22,0.22085642317380352,0.22085642317380352,0.1617792575696381
protein,valid_long,16,17000,673097874,2.578125,causal,rotary,-1,768,12,64,22,0.21446674776966748,0.21446674776966748,0.15529824641308954
protein,train,17,18000,712563544,2.586859375,causal,rotary,-1,768,12,64,22,,,
protein,valid_short,17,18000,712563544,2.5546875,causal,rotary,-1,768,12,64,22,0.22134043315754443,0.22134043315754443,0.16240027408427612
protein,valid_long,17,18000,712563544,2.5703125,causal,rotary,-1,768,12,64,22,0.21661109272787435,0.21661109272787435,0.15755962678966523
protein,train,18,19000,752113366,2.5841875,causal,rotary,-1,768,12,64,22,,,
protein,valid_short,18,19000,752113366,2.5703125,causal,rotary,-1,768,12,64,22,0.21911840082009226,0.21911840082009226,0.1590731820685813
protein,valid_long,18,19000,752113366,2.5703125,causal,rotary,-1,768,12,64,22,0.21720611115362054,0.21720611115362054,0.15794360243519964
protein,train,19,20000,791725177,2.583296875,causal,rotary,-1,768,12,64,22,,,
protein,valid_short,19,20000,791725177,2.5546875,causal,rotary,-1,768,12,64,22,0.21918639951426835,0.21918639951426835,0.1603631648650531
protein,valid_long,19,20000,791725177,2.5703125,causal,rotary,-1,768,12,64,22,0.21730218346170985,0.21730218346170985,0.15856418777143858
protein,train,20,21000,831272866,2.580828125,causal,rotary,-1,768,12,64,22,,,
protein,valid_short,20,21000,831272866,2.5625,causal,rotary,-1,768,12,64,22,0.2195097193320814,0.2195097193320814,0.16042919779976103
protein,valid_long,20,21000,831272866,2.5703125,causal,rotary,-1,768,12,64,22,0.21580783135597537,0.21580783135597537,0.1564848748240051
protein,train,21,22000,870920837,2.579953125,causal,rotary,-1,768,12,64,22,,,
protein,valid_short,21,22000,870920837,2.5703125,causal,rotary,-1,768,12,64,22,0.2186175580221998,0.2186175580221998,0.15938254196139082
protein,valid_long,21,22000,870920837,2.5703125,causal,rotary,-1,768,12,64,22,0.21609808779620102,0.21609808779620102,0.1575011492666523
protein,train,22,23000,910474780,2.578828125,causal,rotary,-1,768,12,64,22,,,
protein,valid_short,22,23000,910474780,2.5546875,causal,rotary,-1,768,12,64,22,0.22136001633653257,0.22136001633653257,0.1639317795960853
protein,valid_long,22,23000,910474780,2.5703125,causal,rotary,-1,768,12,64,22,0.2134888566999568,0.2134888566999568,0.15443932806612415
protein,train,23,24000,950074521,2.575625,causal,rotary,-1,768,12,64,22,,,
protein,valid_short,23,24000,950074521,2.546875,causal,rotary,-1,768,12,64,22,0.22198893895944286,0.22198893895944286,0.16322427205944023
protein,valid_long,23,24000,950074521,2.5546875,causal,rotary,-1,768,12,64,22,0.2213969197171117,0.2213969197171117,0.16295928235631896
protein,train,24,25000,989658793,2.57234375,causal,rotary,-1,768,12,64,22,,,
protein,valid_short,24,25000,989658793,2.5625,causal,rotary,-1,768,12,64,22,0.22088658957192128,0.22088658957192128,0.16161776316874849
protein,valid_long,24,25000,989658793,2.5546875,causal,rotary,-1,768,12,64,22,0.2192092839782661,0.2192092839782661,0.16043628215183922
protein,train,25,25262,1000013881,2.572578721374046,causal,rotary,-1,768,12,64,22,,,
protein,valid_short,25,25262,1000013881,2.5625,causal,rotary,-1,768,12,64,22,0.2203398427593203,0.2203398427593203,0.161443249276595
protein,valid_long,25,25262,1000013881,2.5625,causal,rotary,-1,768,12,64,22,0.2217309227280214,0.2217309227280214,0.16345305524150297
protein,train,0,1000,39543319,2.760109375,dual_triangle,rotary,-1,768,12,128,22,,,
protein,valid_short,0,1000,39543319,2.6171875,dual_triangle,rotary,-1,768,12,128,22,0.20216810521989315,0.20216810521989315,0.14049045553743264
protein,valid_long,0,1000,39543319,2.625,dual_triangle,rotary,-1,768,12,128,22,0.19973133755517175,0.19973133755517175,0.13894239693691526
protein,train,1,2000,79130390,2.621734375,dual_triangle,rotary,-1,768,12,128,22,,,
protein,valid_short,1,2000,79130390,2.59375,dual_triangle,rotary,-1,768,12,128,22,0.207052948071141,0.207052948071141,0.15080369116500517
protein,valid_long,1,2000,79130390,2.609375,dual_triangle,rotary,-1,768,12,128,22,0.20143236276364745,0.20143236276364745,0.144785673282654
protein,train,2,3000,118730336,2.598765625,dual_triangle,rotary,-1,768,12,128,22,,,
protein,valid_short,2,3000,118730336,2.5546875,dual_triangle,rotary,-1,768,12,128,22,0.21978021978021978,0.21978021978021978,0.1613033933031973
protein,valid_long,2,3000,118730336,2.59375,dual_triangle,rotary,-1,768,12,128,22,0.20669665923153505,0.20669665923153505,0.14884249889257412
protein,train,3,4000,158359470,2.58228125,dual_triangle,rotary,-1,768,12,128,22,,,
protein,valid_short,3,4000,158359470,2.5546875,dual_triangle,rotary,-1,768,12,128,22,0.21975509374523652,0.21975509374523652,0.16117162601639595
protein,valid_long,3,4000,158359470,2.578125,dual_triangle,rotary,-1,768,12,128,22,0.2128961027424206,0.2128961027424206,0.1545535276533195
protein,train,4,5000,197938228,2.57090625,dual_triangle,rotary,-1,768,12,128,22,,,
protein,valid_short,4,5000,197938228,2.546875,dual_triangle,rotary,-1,768,12,128,22,0.22171370455123315,0.22171370455123315,0.16447540551555484
protein,valid_long,4,5000,197938228,2.5703125,dual_triangle,rotary,-1,768,12,128,22,0.21639773001383827,0.21639773001383827,0.16035166355591784
protein,train,5,6000,237533008,2.5624375,dual_triangle,rotary,-1,768,12,128,22,,,
protein,valid_short,5,6000,237533008,2.5390625,dual_triangle,rotary,-1,768,12,128,22,0.2221829385322491,0.2221829385322491,0.16451032370524676
protein,valid_long,5,6000,237533008,2.5703125,dual_triangle,rotary,-1,768,12,128,22,0.216299941357946,0.216299941357946,0.15875252657904979
protein,train,6,7000,277087576,2.554140625,dual_triangle,rotary,-1,768,12,128,22,,,
protein,valid_short,6,7000,277087576,2.5234375,dual_triangle,rotary,-1,768,12,128,22,0.23089956869993838,0.23089956869993838,0.17294086599757635
protein,valid_long,6,7000,277087576,2.5625,dual_triangle,rotary,-1,768,12,128,22,0.21734486266531028,0.21734486266531028,0.15930243058168123
protein,train,7,8000,316703034,2.547359375,dual_triangle,rotary,-1,768,12,128,22,,,
protein,valid_short,7,8000,316703034,2.5234375,dual_triangle,rotary,-1,768,12,128,22,0.23094500583963845,0.23094500583963845,0.1733023853486283
protein,valid_long,7,8000,316703034,2.5625,dual_triangle,rotary,-1,768,12,128,22,0.2174882748776509,0.2174882748776509,0.1589799067580265
protein,train,8,9000,356331954,2.54096875,dual_triangle,rotary,-1,768,12,128,22,,,
protein,valid_short,8,9000,356331954,2.5234375,dual_triangle,rotary,-1,768,12,128,22,0.22784681197799958,0.22784681197799958,0.17058655629269862
protein,valid_long,8,9000,356331954,2.546875,dual_triangle,rotary,-1,768,12,128,22,0.22262620077308737,0.22262620077308737,0.16379073085312607
protein,train,9,10000,395930736,2.535,dual_triangle,rotary,-1,768,12,128,22,,,
protein,valid_short,9,10000,395930736,2.515625,dual_triangle,rotary,-1,768,12,128,22,0.23548745954692557,0.23548745954692557,0.17847448032849428
protein,valid_long,9,10000,395930736,2.546875,dual_triangle,rotary,-1,768,12,128,22,0.22268002028397565,0.22268002028397565,0.16515761457231964
protein,train,10,11000,435527002,2.53109375,dual_triangle,rotary,-1,768,12,128,22,,,
protein,valid_short,10,11000,435527002,2.5078125,dual_triangle,rotary,-1,768,12,128,22,0.23612303651699582,0.23612303651699582,0.17919400026414678
protein,valid_long,10,11000,435527002,2.5546875,dual_triangle,rotary,-1,768,12,128,22,0.22059666874816808,0.22059666874816808,0.16357737695980573
protein,train,11,12000,475146371,2.5266875,dual_triangle,rotary,-1,768,12,128,22,,,
protein,valid_short,11,12000,475146371,2.515625,dual_triangle,rotary,-1,768,12,128,22,0.23550706164278795,0.23550706164278795,0.17938841038825404
protein,valid_long,11,12000,475146371,2.5390625,dual_triangle,rotary,-1,768,12,128,22,0.224878623854374,0.224878623854374,0.16657802460756016
protein,train,12,13000,514690800,2.523109375,dual_triangle,rotary,-1,768,12,128,22,,,
protein,valid_short,12,13000,514690800,2.5,dual_triangle,rotary,-1,768,12,128,22,0.2356398201144726,0.2356398201144726,0.17849556818422108
protein,valid_long,12,13000,514690800,2.53125,dual_triangle,rotary,-1,768,12,128,22,0.22649676014919862,0.22649676014919862,0.16914208514457904
protein,train,13,14000,554263639,2.518953125,dual_triangle,rotary,-1,768,12,128,22,,,
protein,valid_short,13,14000,554263639,2.5,dual_triangle,rotary,-1,768,12,128,22,0.23651960784313725,0.23651960784313725,0.17944559921673495
protein,valid_long,13,14000,554263639,2.53125,dual_triangle,rotary,-1,768,12,128,22,0.2262247655784091,0.2262247655784091,0.16790891645383216
protein,train,14,15000,593861815,2.5158125,dual_triangle,rotary,-1,768,12,128,22,,,
protein,valid_short,14,15000,593861815,2.5078125,dual_triangle,rotary,-1,768,12,128,22,0.23183690070669583,0.23183690070669583,0.17467929166723198
protein,valid_long,14,15000,593861815,2.5390625,dual_triangle,rotary,-1,768,12,128,22,0.22623331546844294,0.22623331546844294,0.1685512343200786
protein,train,15,16000,633473990,2.51234375,dual_triangle,rotary,-1,768,12,128,22,,,
protein,valid_short,15,16000,633473990,2.4921875,dual_triangle,rotary,-1,768,12,128,22,0.24049603577963,0.24049603577963,0.18431148337597328
protein,valid_long,15,16000,633473990,2.53125,dual_triangle,rotary,-1,768,12,128,22,0.22835654313471832,0.22835654313471832,0.17101972985293754
protein,train,16,17000,673097874,2.509359375,dual_triangle,rotary,-1,768,12,128,22,,,
protein,valid_short,16,17000,673097874,2.4921875,dual_triangle,rotary,-1,768,12,128,22,0.24065861242799613,0.24065861242799613,0.18526530758751963
protein,valid_long,16,17000,673097874,2.53125,dual_triangle,rotary,-1,768,12,128,22,0.227437465823976,0.227437465823976,0.17010811909059656
protein,train,17,18000,712563544,2.507421875,dual_triangle,rotary,-1,768,12,128,22,,,
protein,valid_short,17,18000,712563544,2.484375,dual_triangle,rotary,-1,768,12,128,22,0.2429493368565476,0.2429493368565476,0.18711389156923888
protein,valid_long,17,18000,712563544,2.53125,dual_triangle,rotary,-1,768,12,128,22,0.2307448454261875,0.2307448454261875,0.17408536396601096
protein,train,18,19000,752113366,2.50440625,dual_triangle,rotary,-1,768,12,128,22,,,
protein,valid_short,18,19000,752113366,2.484375,dual_triangle,rotary,-1,768,12,128,22,0.24587508857171778,0.24587508857171778,0.1902105694871852
protein,valid_long,18,19000,752113366,2.5234375,dual_triangle,rotary,-1,768,12,128,22,0.22688893423804907,0.22688893423804907,0.1698425517720208
protein,train,19,20000,791725177,2.501828125,dual_triangle,rotary,-1,768,12,128,22,,,
protein,valid_short,19,20000,791725177,2.484375,dual_triangle,rotary,-1,768,12,128,22,0.24150213718705477,0.24150213718705477,0.18513477376096832
protein,valid_long,19,20000,791725177,2.5234375,dual_triangle,rotary,-1,768,12,128,22,0.2309629497729672,0.2309629497729672,0.17356843370193928
protein,train,20,21000,831272866,2.498171875,dual_triangle,rotary,-1,768,12,128,22,,,
protein,valid_short,20,21000,831272866,2.484375,dual_triangle,rotary,-1,768,12,128,22,0.2449416441567708,0.2449416441567708,0.18997963028395182
protein,valid_long,20,21000,831272866,2.5234375,dual_triangle,rotary,-1,768,12,128,22,0.23100666878374088,0.23100666878374088,0.1750697050844311
protein,train,21,22000,870920837,2.4975,dual_triangle,rotary,-1,768,12,128,22,,,
protein,valid_short,21,22000,870920837,2.4921875,dual_triangle,rotary,-1,768,12,128,22,0.2417937582062418,0.2417937582062418,0.18507346453104478
protein,valid_long,21,22000,870920837,2.515625,dual_triangle,rotary,-1,768,12,128,22,0.23147210691505518,0.23147210691505518,0.17385941301124777
protein,train,22,23000,910474780,2.494484375,dual_triangle,rotary,-1,768,12,128,22,,,
protein,valid_short,22,23000,910474780,2.46875,dual_triangle,rotary,-1,768,12,128,22,0.24306326304106549,0.24306326304106549,0.18743942903350513
protein,valid_long,22,23000,910474780,2.515625,dual_triangle,rotary,-1,768,12,128,22,0.23236456519805315,0.23236456519805315,0.1762747628727176
protein,train,23,24000,950074521,2.489328125,dual_triangle,rotary,-1,768,12,128,22,,,
protein,valid_short,23,24000,950074521,2.4609375,dual_triangle,rotary,-1,768,12,128,22,0.24878298744555472,0.24878298744555472,0.1933831741928732
protein,valid_long,23,24000,950074521,2.5078125,dual_triangle,rotary,-1,768,12,128,22,0.2347086822613078,0.2347086822613078,0.17820588120551334
protein,train,24,25000,989658793,2.483734375,dual_triangle,rotary,-1,768,12,128,22,,,
protein,valid_short,24,25000,989658793,2.4609375,dual_triangle,rotary,-1,768,12,128,22,0.24901325776743244,0.24901325776743244,0.19356654417242483
protein,valid_long,24,25000,989658793,2.5078125,dual_triangle,rotary,-1,768,12,128,22,0.23442547887359771,0.23442547887359771,0.17751715284627265
protein,train,25,25262,1000013881,2.483301526717557,dual_triangle,rotary,-1,768,12,128,22,,,
protein,valid_short,25,25262,1000013881,2.46875,dual_triangle,rotary,-1,768,12,128,22,0.24567033414832926,0.24567033414832926,0.1901655287164088
protein,valid_long,25,25262,1000013881,2.5078125,dual_triangle,rotary,-1,768,12,128,22,0.23513104518229333,0.23513104518229333,0.17832743325559217
protein,train,0,1000,39702185,2.76215625,bidirectional,rotary,-1,768,12,64,33,,,
protein,valid_short,0,1000,39702185,2.640625,bidirectional,rotary,-1,768,12,64,33,0.19673058140132627,0.19673058140132627,0.1351390241465592
protein,valid_long,0,1000,39702185,2.625,bidirectional,rotary,-1,768,12,64,33,0.19986517082601948,0.19986517082601948,0.13771838960807298
protein,train,1,2000,79328137,2.641421875,bidirectional,rotary,-1,768,12,64,33,,,
protein,valid_short,1,2000,79328137,2.59375,bidirectional,rotary,-1,768,12,64,33,0.2066867747047697,0.2066867747047697,0.14685813260418623
protein,valid_long,1,2000,79328137,2.6328125,bidirectional,rotary,-1,768,12,64,33,0.19523718803581636,0.19523718803581636,0.13742693764656103
protein,train,2,3000,118927677,2.607453125,bidirectional,rotary,-1,768,12,64,33,,,
protein,valid_short,2,3000,118927677,2.5703125,bidirectional,rotary,-1,768,12,64,33,0.2122985319782363,0.2122985319782363,0.15269264534623497
protein,valid_long,2,3000,118927677,2.59375,bidirectional,rotary,-1,768,12,64,33,0.2042342799188641,0.2042342799188641,0.14660187379930106
protein,train,3,4000,158505289,2.58828125,bidirectional,rotary,-1,768,12,64,33,,,
protein,valid_short,3,4000,158505289,2.5625,bidirectional,rotary,-1,768,12,64,33,0.21870232889250482,0.21870232889250482,0.1609656554016996
protein,valid_long,3,4000,158505289,2.5859375,bidirectional,rotary,-1,768,12,64,33,0.20886850152905198,0.20886850152905198,0.1495860966296611
protein,train,4,5000,198050101,2.5780625,bidirectional,rotary,-1,768,12,64,33,,,
protein,valid_short,4,5000,198050101,2.546875,bidirectional,rotary,-1,768,12,64,33,0.2229958021910515,0.2229958021910515,0.16556724347354893
protein,valid_long,4,5000,198050101,2.5859375,bidirectional,rotary,-1,768,12,64,33,0.20886244223586756,0.20886244223586756,0.14838475427347694
protein,train,5,6000,237512241,2.57140625,bidirectional,rotary,-1,768,12,64,33,,,
protein,valid_short,5,6000,237512241,2.5390625,bidirectional,rotary,-1,768,12,64,33,0.2224465078724263,0.2224465078724263,0.16396294806623407
protein,valid_long,5,6000,237512241,2.5859375,bidirectional,rotary,-1,768,12,64,33,0.21044041516843903,0.21044041516843903,0.14999937761089824
protein,train,6,7000,277026001,2.5635625,bidirectional,rotary,-1,768,12,64,33,,,
protein,valid_short,6,7000,277026001,2.53125,bidirectional,rotary,-1,768,12,64,33,0.22708196389745663,0.22708196389745663,0.16867155767246536
protein,valid_long,6,7000,277026001,2.5859375,bidirectional,rotary,-1,768,12,64,33,0.2091137753603759,0.2091137753603759,0.14904613081932178
protein,train,7,8000,316624620,2.55703125,bidirectional,rotary,-1,768,12,64,33,,,
protein,valid_short,7,8000,316624620,2.53125,bidirectional,rotary,-1,768,12,64,33,0.2272681041497152,0.2272681041497152,0.1707645515258295
protein,valid_long,7,8000,316624620,2.578125,bidirectional,rotary,-1,768,12,64,33,0.20967082396237988,0.20967082396237988,0.15319240651498517
protein,train,8,9000,356230363,2.5515,bidirectional,rotary,-1,768,12,64,33,,,
protein,valid_short,8,9000,356230363,2.5390625,bidirectional,rotary,-1,768,12,64,33,0.22224482530641307,0.22224482530641307,0.16472046129837556
protein,valid_long,8,9000,356230363,2.578125,bidirectional,rotary,-1,768,12,64,33,0.21163699081824178,0.21163699081824178,0.15263541963889557
protein,train,9,10000,395814808,2.545390625,bidirectional,rotary,-1,768,12,64,33,,,
protein,valid_short,9,10000,395814808,2.5234375,bidirectional,rotary,-1,768,12,64,33,0.22649790752271104,0.22649790752271104,0.1683162265561572
protein,valid_long,9,10000,395814808,2.5625,bidirectional,rotary,-1,768,12,64,33,0.21642419601837673,0.21642419601837673,0.15586427889394977
protein,train,10,11000,435421867,2.5395,bidirectional,rotary,-1,768,12,64,33,,,
protein,valid_short,10,11000,435421867,2.5078125,bidirectional,rotary,-1,768,12,64,33,0.2334212127357534,0.2334212127357534,0.17613408502291447
protein,valid_long,10,11000,435421867,2.5703125,bidirectional,rotary,-1,768,12,64,33,0.21597225763679942,0.21597225763679942,0.1572088258349663
protein,train,11,12000,475102566,2.535703125,bidirectional,rotary,-1,768,12,64,33,,,
protein,valid_short,11,12000,475102566,2.515625,bidirectional,rotary,-1,768,12,64,33,0.2278558650651674,0.2278558650651674,0.16992366455340144
protein,valid_long,11,12000,475102566,2.5625,bidirectional,rotary,-1,768,12,64,33,0.2180505690932702,0.2180505690932702,0.15850598400485713
protein,train,12,13000,514750432,2.532046875,bidirectional,rotary,-1,768,12,64,33,,,
protein,valid_short,12,13000,514750432,2.4921875,bidirectional,rotary,-1,768,12,64,33,0.23646200173531362,0.23646200173531362,0.17947460373649776
protein,valid_long,12,13000,514750432,2.5625,bidirectional,rotary,-1,768,12,64,33,0.21647735187225367,0.21647735187225367,0.15865157695964147
protein,train,13,14000,554349932,2.528796875,bidirectional,rotary,-1,768,12,64,33,,,
protein,valid_short,13,14000,554349932,2.515625,bidirectional,rotary,-1,768,12,64,33,0.23260063962637698,0.23260063962637698,0.175437960311901
protein,valid_long,13,14000,554349932,2.5625,bidirectional,rotary,-1,768,12,64,33,0.21616558010000633,0.21616558010000633,0.1567771585078839
protein,train,14,15000,593945625,2.525390625,bidirectional,rotary,-1,768,12,64,33,,,
protein,valid_short,14,15000,593945625,2.4921875,bidirectional,rotary,-1,768,12,64,33,0.24192640360305032,0.24192640360305032,0.18627457221907953
protein,valid_long,14,15000,593945625,2.5625,bidirectional,rotary,-1,768,12,64,33,0.21593163436593926,0.21593163436593926,0.15778251708043525
protein,train,15,16000,633543932,2.521703125,bidirectional,rotary,-1,768,12,64,33,,,
protein,valid_short,15,16000,633543932,2.5078125,bidirectional,rotary,-1,768,12,64,33,0.23651473437340675,0.23651473437340675,0.18091555066627193
protein,valid_long,15,16000,633543932,2.546875,bidirectional,rotary,-1,768,12,64,33,0.22193809396587916,0.22193809396587916,0.16406866285468497
protein,train,16,17000,673045122,2.518171875,bidirectional,rotary,-1,768,12,64,33,,,
protein,valid_short,16,17000,673045122,2.4921875,bidirectional,rotary,-1,768,12,64,33,0.23904524403277522,0.23904524403277522,0.18396330827640409
protein,valid_long,16,17000,673045122,2.5625,bidirectional,rotary,-1,768,12,64,33,0.21497658318061494,0.21497658318061494,0.15690463885959388
protein,train,17,18000,712655714,2.514328125,bidirectional,rotary,-1,768,12,64,33,,,
protein,valid_short,17,18000,712655714,2.5,bidirectional,rotary,-1,768,12,64,33,0.23812960767128938,0.23812960767128938,0.18235326666371382
protein,valid_long,17,18000,712655714,2.5625,bidirectional,rotary,-1,768,12,64,33,0.21908656777077828,0.21908656777077828,0.16009649690286243
protein,train,18,19000,752342024,2.510515625,bidirectional,rotary,-1,768,12,64,33,,,
protein,valid_short,18,19000,752342024,2.4765625,bidirectional,rotary,-1,768,12,64,33,0.24324187506327832,0.24324187506327832,0.18775584697159875
protein,valid_long,18,19000,752342024,2.546875,bidirectional,rotary,-1,768,12,64,33,0.22285786769835733,0.22285786769835733,0.16561799827188983
protein,train,19,20000,791883035,2.506625,bidirectional,rotary,-1,768,12,64,33,,,
protein,valid_short,19,20000,791883035,2.4765625,bidirectional,rotary,-1,768,12,64,33,0.2403250380904012,0.2403250380904012,0.1844053706823112
protein,valid_long,19,20000,791883035,2.5390625,bidirectional,rotary,-1,768,12,64,33,0.22430366955093792,0.22430366955093792,0.16568821320437901
protein,train,20,21000,831451734,2.503671875,bidirectional,rotary,-1,768,12,64,33,,,
protein,valid_short,20,21000,831451734,2.4765625,bidirectional,rotary,-1,768,12,64,33,0.2437719700443222,0.2437719700443222,0.1881682448552903
protein,valid_long,20,21000,831451734,2.546875,bidirectional,rotary,-1,768,12,64,33,0.2252906603700947,0.2252906603700947,0.16751943086108423
protein,train,21,22000,871081432,2.502828125,bidirectional,rotary,-1,768,12,64,33,,,
protein,valid_short,21,22000,871081432,2.46875,bidirectional,rotary,-1,768,12,64,33,0.24430411720131345,0.24430411720131345,0.18859156512442177
protein,valid_long,21,22000,871081432,2.546875,bidirectional,rotary,-1,768,12,64,33,0.2241453971165113,0.2241453971165113,0.1661244970820856
protein,train,22,23000,910665656,2.49984375,bidirectional,rotary,-1,768,12,64,33,,,
protein,valid_short,22,23000,910665656,2.4609375,bidirectional,rotary,-1,768,12,64,33,0.250788643533123,0.250788643533123,0.19573809267763406
protein,valid_long,22,23000,910665656,2.5390625,bidirectional,rotary,-1,768,12,64,33,0.22467343234745266,0.22467343234745266,0.16621625676578214
protein,train,23,24000,950341540,2.493390625,bidirectional,rotary,-1,768,12,64,33,,,
protein,valid_short,23,24000,950341540,2.453125,bidirectional,rotary,-1,768,12,64,33,0.24675783418277236,0.24675783418277236,0.19128735868878874
protein,valid_long,23,24000,950341540,2.5390625,bidirectional,rotary,-1,768,12,64,33,0.22582778929693562,0.22582778929693562,0.16703275746209537
protein,train,24,25000,989869366,2.4865,bidirectional,rotary,-1,768,12,64,33,,,
protein,valid_short,24,25000,989869366,2.453125,bidirectional,rotary,-1,768,12,64,33,0.2505624872161996,0.2505624872161996,0.195939758561483
protein,valid_long,24,25000,989869366,2.5390625,bidirectional,rotary,-1,768,12,64,33,0.22790508405605434,0.22790508405605434,0.1698582437108904
protein,train,25,25256,1000033605,2.4859619140625,bidirectional,rotary,-1,768,12,64,33,,,
protein,valid_short,25,25256,1000033605,2.4375,bidirectional,rotary,-1,768,12,64,33,0.2567932704562835,0.2567932704562835,0.20121079221445892
protein,valid_long,25,25256,1000033605,2.53125,bidirectional,rotary,-1,768,12,64,33,0.22777062266484743,0.22777062266484743,0.17019650479417248
protein,train,0,1000,39702185,2.759578125,causal,rotary,-1,768,12,64,33,,,
protein,valid_short,0,1000,39702185,2.6328125,causal,rotary,-1,768,12,64,33,0.19893211289092297,0.19893211289092297,0.13700444503701936
protein,valid_long,0,1000,39702185,2.640625,causal,rotary,-1,768,12,64,33,0.1959262479541735,0.1959262479541735,0.1338555023820189
protein,train,1,2000,79328137,2.63965625,causal,rotary,-1,768,12,64,33,,,
protein,valid_short,1,2000,79328137,2.609375,causal,rotary,-1,768,12,64,33,0.2045947992931078,0.2045947992931078,0.14493018230159602
protein,valid_long,1,2000,79328137,2.6171875,causal,rotary,-1,768,12,64,33,0.2003672251549231,0.2003672251549231,0.1398899674722767
protein,train,2,3000,118927677,2.62596875,causal,rotary,-1,768,12,64,33,,,
protein,valid_short,2,3000,118927677,2.609375,causal,rotary,-1,768,12,64,33,0.20573338735818478,0.20573338735818478,0.1455657987064844
protein,valid_long,2,3000,118927677,2.609375,causal,rotary,-1,768,12,64,33,0.20292257472202388,0.20292257472202388,0.1422640711848893
protein,train,3,4000,158505289,2.618125,causal,rotary,-1,768,12,64,33,,,
protein,valid_short,3,4000,158505289,2.6015625,causal,rotary,-1,768,12,64,33,0.2061982833941512,0.2061982833941512,0.14828913534839128
protein,valid_long,3,4000,158505289,2.59375,causal,rotary,-1,768,12,64,33,0.20773113099334709,0.20773113099334709,0.147685213456538
protein,train,4,5000,198050101,2.6145625,causal,rotary,-1,768,12,64,33,,,
protein,valid_short,4,5000,198050101,2.578125,causal,rotary,-1,768,12,64,33,0.21359272616447403,0.21359272616447403,0.15527254100287083
protein,valid_long,4,5000,198050101,2.59375,causal,rotary,-1,768,12,64,33,0.20796917463031248,0.20796917463031248,0.14825793275330057
protein,train,5,6000,237512241,2.609234375,causal,rotary,-1,768,12,64,33,,,
protein,valid_short,5,6000,237512241,2.5859375,causal,rotary,-1,768,12,64,33,0.2126722042139384,0.2126722042139384,0.1537276430982396
protein,valid_long,5,6000,237512241,2.5859375,causal,rotary,-1,768,12,64,33,0.20841419022614563,0.20841419022614563,0.14879413250766418
protein,train,6,7000,277026001,2.60734375,causal,rotary,-1,768,12,64,33,,,
protein,valid_short,6,7000,277026001,2.59375,causal,rotary,-1,768,12,64,33,0.213499820889412,0.213499820889412,0.15420896282682842
protein,valid_long,6,7000,277026001,2.59375,causal,rotary,-1,768,12,64,33,0.20860787887284452,0.20860787887284452,0.1488471431171476
protein,train,7,8000,316624620,2.6048125,causal,rotary,-1,768,12,64,33,,,
protein,valid_short,7,8000,316624620,2.578125,causal,rotary,-1,768,12,64,33,0.21105553287055942,0.21105553287055942,0.15160503124227645
protein,valid_long,7,8000,316624620,2.5859375,causal,rotary,-1,768,12,64,33,0.21010300908306692,0.21010300908306692,0.15035087491630253
protein,train,8,9000,356230363,2.602484375,causal,rotary,-1,768,12,64,33,,,
protein,valid_short,8,9000,356230363,2.59375,causal,rotary,-1,768,12,64,33,0.20717855520218081,0.20717855520218081,0.14729376191252497
protein,valid_long,8,9000,356230363,2.5859375,causal,rotary,-1,768,12,64,33,0.207769560734697,0.207769560734697,0.14815039950597303
protein,train,9,10000,395814808,2.59940625,causal,rotary,-1,768,12,64,33,,,
protein,valid_short,9,10000,395814808,2.59375,causal,rotary,-1,768,12,64,33,0.21267655545993014,0.21267655545993014,0.15211442630027766
protein,valid_long,9,10000,395814808,2.5859375,causal,rotary,-1,768,12,64,33,0.2110064968023551,0.2110064968023551,0.15119577583853006
protein,train,10,11000,435421867,2.59778125,causal,rotary,-1,768,12,64,33,,,
protein,valid_short,10,11000,435421867,2.578125,causal,rotary,-1,768,12,64,33,0.2135175879396985,0.2135175879396985,0.1535687071040623
protein,valid_long,10,11000,435421867,2.5859375,causal,rotary,-1,768,12,64,33,0.21248665683932294,0.21248665683932294,0.1525448026689562
protein,train,11,12000,475102566,2.59540625,causal,rotary,-1,768,12,64,33,,,
protein,valid_short,11,12000,475102566,2.578125,causal,rotary,-1,768,12,64,33,0.21459869065415743,0.21459869065415743,0.1551255856731555
protein,valid_long,11,12000,475102566,2.578125,causal,rotary,-1,768,12,64,33,0.21203110704483075,0.21203110704483075,0.15207391175315835
protein,train,12,13000,514750432,2.5936875,causal,rotary,-1,768,12,64,33,,,
protein,valid_short,12,13000,514750432,2.5703125,causal,rotary,-1,768,12,64,33,0.21802428089265025,0.21802428089265025,0.15930795676838713
protein,valid_long,12,13000,514750432,2.5859375,causal,rotary,-1,768,12,64,33,0.21079489197491685,0.21079489197491685,0.1504610438889342
protein,train,13,14000,554349932,2.59253125,causal,rotary,-1,768,12,64,33,,,
protein,valid_short,13,14000,554349932,2.578125,causal,rotary,-1,768,12,64,33,0.21269095182138661,0.21269095182138661,0.15437259612386153
protein,valid_long,13,14000,554349932,2.5703125,causal,rotary,-1,768,12,64,33,0.2115679069055275,0.2115679069055275,0.15185143113479177
protein,train,14,15000,593945625,2.590734375,causal,rotary,-1,768,12,64,33,,,
protein,valid_short,14,15000,593945625,2.5703125,causal,rotary,-1,768,12,64,33,0.2140427476265421,0.2140427476265421,0.1541522984282973
protein,valid_long,14,15000,593945625,2.5703125,causal,rotary,-1,768,12,64,33,0.2147478676479935,0.2147478676479935,0.15479842336924138
protein,train,15,16000,633543932,2.588484375,causal,rotary,-1,768,12,64,33,,,
protein,valid_short,15,16000,633543932,2.5546875,causal,rotary,-1,768,12,64,33,0.22269829125223156,0.22269829125223156,0.16386114108293068
protein,valid_long,15,16000,633543932,2.5703125,causal,rotary,-1,768,12,64,33,0.21385941644562334,0.21385941644562334,0.15403993220448994
protein,train,16,17000,673045122,2.588171875,causal,rotary,-1,768,12,64,33,,,
protein,valid_short,16,17000,673045122,2.5546875,causal,rotary,-1,768,12,64,33,0.22157021448806152,0.22157021448806152,0.16350532143895313
protein,valid_long,16,17000,673045122,2.5703125,causal,rotary,-1,768,12,64,33,0.21422571777642027,0.21422571777642027,0.1558510621112101
protein,train,17,18000,712655714,2.58615625,causal,rotary,-1,768,12,64,33,,,
protein,valid_short,17,18000,712655714,2.5625,causal,rotary,-1,768,12,64,33,0.21753880949933177,0.21753880949933177,0.1592097674423158
protein,valid_long,17,18000,712655714,2.578125,causal,rotary,-1,768,12,64,33,0.21095824281921313,0.21095824281921313,0.15059352297576153
protein,train,18,19000,752342024,2.58478125,causal,rotary,-1,768,12,64,33,,,
protein,valid_short,18,19000,752342024,2.546875,causal,rotary,-1,768,12,64,33,0.22190040650406503,0.22190040650406503,0.16337419809067444
protein,valid_long,18,19000,752342024,2.5703125,causal,rotary,-1,768,12,64,33,0.21345600920069005,0.21345600920069005,0.15348891037483467
protein,train,19,20000,791883035,2.583,causal,rotary,-1,768,12,64,33,,,
protein,valid_short,19,20000,791883035,2.5625,causal,rotary,-1,768,12,64,33,0.218665990362668,0.218665990362668,0.16028206479300014
protein,valid_long,19,20000,791883035,2.5625,causal,rotary,-1,768,12,64,33,0.21567071531875137,0.21567071531875137,0.15626099217567488
protein,train,20,21000,831451734,2.58246875,causal,rotary,-1,768,12,64,33,,,
protein,valid_short,20,21000,831451734,2.546875,causal,rotary,-1,768,12,64,33,0.2258015422077922,0.2258015422077922,0.16750984927610804
protein,valid_long,20,21000,831451734,2.5703125,causal,rotary,-1,768,12,64,33,0.21597483000101492,0.21597483000101492,0.15568381130519993
protein,train,21,22000,871081432,2.5804375,causal,rotary,-1,768,12,64,33,,,
protein,valid_short,21,22000,871081432,2.5625,causal,rotary,-1,768,12,64,33,0.22023166023166024,0.22023166023166024,0.16280219612957897
protein,valid_long,21,22000,871081432,2.5703125,causal,rotary,-1,768,12,64,33,0.21377254662182818,0.21377254662182818,0.1553489805911114
protein,train,22,23000,910665656,2.5795625,causal,rotary,-1,768,12,64,33,,,
protein,valid_short,22,23000,910665656,2.546875,causal,rotary,-1,768,12,64,33,0.2205718341275474,0.2205718341275474,0.16056205867053203
protein,valid_long,22,23000,910665656,2.5625,causal,rotary,-1,768,12,64,33,0.21737799433659022,0.21737799433659022,0.15737732781419225
protein,train,23,24000,950341540,2.576359375,causal,rotary,-1,768,12,64,33,,,
protein,valid_short,23,24000,950341540,2.5390625,causal,rotary,-1,768,12,64,33,0.22466915850085867,0.22466915850085867,0.16636190324970895
protein,valid_long,23,24000,950341540,2.5625,causal,rotary,-1,768,12,64,33,0.21711637356358326,0.21711637356358326,0.15752061026525815
protein,train,24,25000,989869366,2.57234375,causal,rotary,-1,768,12,64,33,,,
protein,valid_short,24,25000,989869366,2.5390625,causal,rotary,-1,768,12,64,33,0.22419874252415273,0.22419874252415273,0.16714544967751752
protein,valid_long,24,25000,989869366,2.5546875,causal,rotary,-1,768,12,64,33,0.21976798613483117,0.21976798613483117,0.16067960579750953
protein,train,25,25256,1000033605,2.572265625,causal,rotary,-1,768,12,64,33,,,
protein,valid_short,25,25256,1000033605,2.5546875,causal,rotary,-1,768,12,64,33,0.22158976425549062,0.22158976425549062,0.16244414083184777
protein,valid_long,25,25256,1000033605,2.5546875,causal,rotary,-1,768,12,64,33,0.21817535755529893,0.21817535755529893,0.15854098652970142
protein,train,0,1000,39702185,2.753984375,dual_triangle,rotary,-1,768,12,128,33,,,
protein,valid_short,0,1000,39702185,2.6171875,dual_triangle,rotary,-1,768,12,128,33,0.19848461577842624,0.19848461577842624,0.13892053981645447
protein,valid_long,0,1000,39702185,2.6171875,dual_triangle,rotary,-1,768,12,128,33,0.19968266057374967,0.19968266057374967,0.14138461972102895
protein,train,1,2000,79328137,2.621140625,dual_triangle,rotary,-1,768,12,128,33,,,
protein,valid_short,1,2000,79328137,2.5859375,dual_triangle,rotary,-1,768,12,128,33,0.21070439864657028,0.21070439864657028,0.15103991721498966
protein,valid_long,1,2000,79328137,2.609375,dual_triangle,rotary,-1,768,12,128,33,0.2022607480789992,0.2022607480789992,0.14154499343626994
protein,train,2,3000,118927677,2.596796875,dual_triangle,rotary,-1,768,12,128,33,,,
protein,valid_short,2,3000,118927677,2.5625,dual_triangle,rotary,-1,768,12,128,33,0.21587074342979856,0.21587074342979856,0.15666195731864743
protein,valid_long,2,3000,118927677,2.5859375,dual_triangle,rotary,-1,768,12,128,33,0.208001016002032,0.208001016002032,0.14870425241793117
protein,train,3,4000,158505289,2.582265625,dual_triangle,rotary,-1,768,12,128,33,,,
protein,valid_short,3,4000,158505289,2.5625,dual_triangle,rotary,-1,768,12,128,33,0.21422385246319223,0.21422385246319223,0.1557830122919962
protein,valid_long,3,4000,158505289,2.5703125,dual_triangle,rotary,-1,768,12,128,33,0.21239421586317314,0.21239421586317314,0.15329971792892166
protein,train,4,5000,198050101,2.5731875,dual_triangle,rotary,-1,768,12,128,33,,,
protein,valid_short,4,5000,198050101,2.5390625,dual_triangle,rotary,-1,768,12,128,33,0.22044908188839446,0.22044908188839446,0.1634294835076676
protein,valid_long,4,5000,198050101,2.5625,dual_triangle,rotary,-1,768,12,128,33,0.21381086498693258,0.21381086498693258,0.15688896098397723
protein,train,5,6000,237512241,2.564484375,dual_triangle,rotary,-1,768,12,128,33,,,
protein,valid_short,5,6000,237512241,2.546875,dual_triangle,rotary,-1,768,12,128,33,0.22364233392270774,0.22364233392270774,0.16455970332667444
protein,valid_long,5,6000,237512241,2.5703125,dual_triangle,rotary,-1,768,12,128,33,0.21585224596820385,0.21585224596820385,0.15607273013873726
protein,train,6,7000,277026001,2.557640625,dual_triangle,rotary,-1,768,12,128,33,,,
protein,valid_short,6,7000,277026001,2.53125,dual_triangle,rotary,-1,768,12,128,33,0.22117791285692395,0.22117791285692395,0.16291030636259027
protein,valid_long,6,7000,277026001,2.5546875,dual_triangle,rotary,-1,768,12,128,33,0.21796157801846186,0.21796157801846186,0.15866140652658656
protein,train,7,8000,316624620,2.54925,dual_triangle,rotary,-1,768,12,128,33,,,
protein,valid_short,7,8000,316624620,2.5234375,dual_triangle,rotary,-1,768,12,128,33,0.22408505418114905,0.22408505418114905,0.16810253527570984
protein,valid_long,7,8000,316624620,2.5546875,dual_triangle,rotary,-1,768,12,128,33,0.2189306081831056,0.2189306081831056,0.16325350285235218
protein,train,8,9000,356230363,2.54340625,dual_triangle,rotary,-1,768,12,128,33,,,
protein,valid_short,8,9000,356230363,2.515625,dual_triangle,rotary,-1,768,12,128,33,0.22990070064015322,0.22990070064015322,0.1738813576021642
protein,valid_long,8,9000,356230363,2.5546875,dual_triangle,rotary,-1,768,12,128,33,0.2168896743246655,0.2168896743246655,0.15961831069878854
protein,train,9,10000,395814808,2.53796875,dual_triangle,rotary,-1,768,12,128,33,,,
protein,valid_short,9,10000,395814808,2.5078125,dual_triangle,rotary,-1,768,12,128,33,0.2331736958648746,0.2331736958648746,0.17720748657883523
protein,valid_long,9,10000,395814808,2.5390625,dual_triangle,rotary,-1,768,12,128,33,0.22184395721653413,0.22184395721653413,0.16460206237312383
protein,train,10,11000,435421867,2.53265625,dual_triangle,rotary,-1,768,12,128,33,,,
protein,valid_short,10,11000,435421867,2.5078125,dual_triangle,rotary,-1,768,12,128,33,0.2335116781561889,0.2335116781561889,0.17599195559944247
protein,valid_long,10,11000,435421867,2.546875,dual_triangle,rotary,-1,768,12,128,33,0.2224713661438891,0.2224713661438891,0.164177673283069
protein,train,11,12000,475102566,2.529796875,dual_triangle,rotary,-1,768,12,128,33,,,
protein,valid_short,11,12000,475102566,2.515625,dual_triangle,rotary,-1,768,12,128,33,0.23115653793867377,0.23115653793867377,0.17452372778615494
protein,valid_long,11,12000,475102566,2.5390625,dual_triangle,rotary,-1,768,12,128,33,0.22478736330498178,0.22478736330498178,0.16664707825755073
protein,train,12,13000,514750432,2.5245,dual_triangle,rotary,-1,768,12,128,33,,,
protein,valid_short,12,13000,514750432,2.5,dual_triangle,rotary,-1,768,12,128,33,0.2393495770224406,0.2393495770224406,0.18398403953041229
protein,valid_long,12,13000,514750432,2.5390625,dual_triangle,rotary,-1,768,12,128,33,0.2251959714858317,0.2251959714858317,0.16773103244307014
protein,train,13,14000,554349932,2.521296875,dual_triangle,rotary,-1,768,12,128,33,,,
protein,valid_short,13,14000,554349932,2.5,dual_triangle,rotary,-1,768,12,128,33,0.2355798421372192,0.2355798421372192,0.17821361499412455
protein,valid_long,13,14000,554349932,2.5390625,dual_triangle,rotary,-1,768,12,128,33,0.22426358169401692,0.22426358169401692,0.16521008408788895
protein,train,14,15000,593945625,2.518671875,dual_triangle,rotary,-1,768,12,128,33,,,
protein,valid_short,14,15000,593945625,2.5,dual_triangle,rotary,-1,768,12,128,33,0.23679918450560652,0.23679918450560652,0.18022290040446073
protein,valid_long,14,15000,593945625,2.5234375,dual_triangle,rotary,-1,768,12,128,33,0.2265375475892378,0.2265375475892378,0.16848359282298755
protein,train,15,16000,633543932,2.51509375,dual_triangle,rotary,-1,768,12,128,33,,,
protein,valid_short,15,16000,633543932,2.484375,dual_triangle,rotary,-1,768,12,128,33,0.24431064394325952,0.24431064394325952,0.1883644731058521
protein,valid_long,15,16000,633543932,2.5390625,dual_triangle,rotary,-1,768,12,128,33,0.22538496838670202,0.22538496838670202,0.16871180155738374
protein,train,16,17000,673045122,2.51171875,dual_triangle,rotary,-1,768,12,128,33,,,
protein,valid_short,16,17000,673045122,2.5,dual_triangle,rotary,-1,768,12,128,33,0.2364173328580885,0.2364173328580885,0.17930363457475082
protein,valid_long,16,17000,673045122,2.5390625,dual_triangle,rotary,-1,768,12,128,33,0.22738556627909923,0.22738556627909923,0.16991530633339724
protein,train,17,18000,712655714,2.509484375,dual_triangle,rotary,-1,768,12,128,33,,,
protein,valid_short,17,18000,712655714,2.484375,dual_triangle,rotary,-1,768,12,128,33,0.24173605854150895,0.24173605854150895,0.18551481632750674
protein,valid_long,17,18000,712655714,2.53125,dual_triangle,rotary,-1,768,12,128,33,0.2273294615110296,0.2273294615110296,0.16961616771932148
protein,train,18,19000,752342024,2.506984375,dual_triangle,rotary,-1,768,12,128,33,,,
protein,valid_short,18,19000,752342024,2.4765625,dual_triangle,rotary,-1,768,12,128,33,0.244150043145018,0.244150043145018,0.18836260007711836
protein,valid_long,18,19000,752342024,2.5234375,dual_triangle,rotary,-1,768,12,128,33,0.22726693348968824,0.22726693348968824,0.1698717932333689
protein,train,19,20000,791883035,2.503515625,dual_triangle,rotary,-1,768,12,128,33,,,
protein,valid_short,19,20000,791883035,2.484375,dual_triangle,rotary,-1,768,12,128,33,0.24206026058631921,0.24206026058631921,0.1864042526717303
protein,valid_long,19,20000,791883035,2.5234375,dual_triangle,rotary,-1,768,12,128,33,0.228,0.228,0.1711236862817655
protein,train,20,21000,831451734,2.500625,dual_triangle,rotary,-1,768,12,128,33,,,
protein,valid_short,20,21000,831451734,2.4765625,dual_triangle,rotary,-1,768,12,128,33,0.2403021641486321,0.2403021641486321,0.184160973591534
protein,valid_long,20,21000,831451734,2.5390625,dual_triangle,rotary,-1,768,12,128,33,0.22646222867994747,0.22646222867994747,0.16871509001466506
protein,train,21,22000,871081432,2.499390625,dual_triangle,rotary,-1,768,12,128,33,,,
protein,valid_short,21,22000,871081432,2.46875,dual_triangle,rotary,-1,768,12,128,33,0.2452185443974091,0.2452185443974091,0.19008970896001812
protein,valid_long,21,22000,871081432,2.5234375,dual_triangle,rotary,-1,768,12,128,33,0.2283484486269748,0.2283484486269748,0.17119281751214654
protein,train,22,23000,910665656,2.49775,dual_triangle,rotary,-1,768,12,128,33,,,
protein,valid_short,22,23000,910665656,2.4765625,dual_triangle,rotary,-1,768,12,128,33,0.24480334216425514,0.24480334216425514,0.18896683380849294
protein,valid_long,22,23000,910665656,2.515625,dual_triangle,rotary,-1,768,12,128,33,0.231306309160257,0.231306309160257,0.17324857865103807
protein,train,23,24000,950341540,2.492421875,dual_triangle,rotary,-1,768,12,128,33,,,
protein,valid_short,23,24000,950341540,2.4609375,dual_triangle,rotary,-1,768,12,128,33,0.24347080770394272,0.24347080770394272,0.1871638627651793
protein,valid_long,23,24000,950341540,2.5234375,dual_triangle,rotary,-1,768,12,128,33,0.2290214238461147,0.2290214238461147,0.1709563731141191
protein,train,24,25000,989869366,2.485125,dual_triangle,rotary,-1,768,12,128,33,,,
protein,valid_short,24,25000,989869366,2.4609375,dual_triangle,rotary,-1,768,12,128,33,0.2445029891579694,0.2445029891579694,0.188553318429535
protein,valid_long,24,25000,989869366,2.5234375,dual_triangle,rotary,-1,768,12,128,33,0.2318674314850223,0.2318674314850223,0.1746848088084599
protein,train,25,25256,1000033605,2.48345947265625,dual_triangle,rotary,-1,768,12,128,33,,,
protein,valid_short,25,25256,1000033605,2.4609375,dual_triangle,rotary,-1,768,12,128,33,0.24742787976598749,0.24742787976598749,0.19216784858781785
protein,valid_long,25,25256,1000033605,2.515625,dual_triangle,rotary,-1,768,12,128,33,0.23126250972092963,0.23126250972092963,0.1736354336322451
